entry_id,contest_id,contest_name,C,C,W,W,D,D,UTIL,UTIL,G,,Instructions,,,,,,,,,,,,,,,,,
3074955406,87381-263032167,$500 Mon NHL Five Hole (150 Entries Max),87381-142017,87381-159629,87381-59218,87381-79857,87381-11365,87381-135674,87381-70927,87381-66759,87381-66612,,1) Edit your lineup by inserting any player from this list into their appropriate position columns,,,,,,,,,,,,,,,,,
3074955408,87381-263032167,$500 Mon NHL Five Hole (150 Entries Max),87381-161910,87381-8175,87381-13612,87381-14563,87381-41394,87381-66606,87381-59218,87381-61245,87381-66612,,2) You can paste either the Player ID + Name OR ID from their respective columns,,,,,,,,,,,,,,,,,
3074955412,87381-263032167,$500 Mon NHL Five Hole (150 Entries Max),87381-128506,87381-97096,87381-59218,87381-74155,87381-39464,87381-42910,87381-82800,87381-82912,87381-66612,,3) Any information to the right of the last position column will be ignored in the upload. Don't leave blank rows. Any entries after a blank row will not be edited,,,,,,,,,,,,,,,,,
3074955414,87381-263032167,$500 Mon NHL Five Hole (150 Entries Max),87381-142017,87381-159629,87381-59218,87381-66790,87381-12460,87381-84116,87381-8651,87381-70922,87381-66612,,4) You can not use this form to create new entries,,,,,,,,,,,,,,,,,
3074955416,87381-263032167,$500 Mon NHL Five Hole (150 Entries Max),87381-65970,87381-8175,87381-59218,87381-8682,87381-101277,87381-66759,87381-97096,87381-97022,87381-66612,,,,,,,,,,,,,,,,,,,
3074955418,87381-263032167,$500 Mon NHL Five Hole (150 Entries Max),87381-159629,87381-41592,87381-13657,87381-171491,87381-39464,87381-8651,87381-37894,87381-59218,87381-66612,,Player ID + Player Name,Id,Position,First Name,Nickname,Last Name,FPPG,Played,Salary,Game,Team,Opponent,Injury Indicator,Injury Details,Tier,,,Roster Position
3074955420,87381-263032167,$500 Mon NHL Five Hole (150 Entries Max),87381-142017,87381-82167,87381-59218,87381-66790,87381-11365,87381-12460,87381-66606,87381-8763,87381-66612,,87381-64102:Connor McDavid,87381-64102,C,Connor,Connor McDavid,McDavid,26.85666707,60,10600,BOS@EDM,EDM,BOS,,,,,,C/UTIL
3074955422,87381-263032167,$500 Mon NHL Five Hole (150 Entries Max),87381-42839,87381-8175,87381-59218,87381-70922,87381-152482,87381-70912,87381-82174,87381-8682,87381-66612,,87381-41391:Nathan MacKinnon,87381-41391,C,Nathan,Nathan MacKinnon,MacKinnon,23.55000106,46,10400,VGK@COL,COL,VGK,,,,,,C/UTIL
3074955425,87381-263032167,$500 Mon NHL Five Hole (150 Entries Max),87381-128506,87381-62157,87381-37894,87381-59218,87381-101277,87381-39464,87381-66606,87381-82190,87381-66612,,87381-59218:David Pastrnak,87381-59218,W,David,David Pastrnak,Pastrnak,22.40172498,58,10200,BOS@EDM,BOS,EDM,,,,,,W/UTIL
3074955428,87381-263032167,$500 Mon NHL Five Hole (150 Entries Max),87381-128506,87381-159629,87381-59218,87381-82190,87381-135674,87381-66759,87381-8640,87381-8682,87381-66612,,87381-58331:Leon Draisaitl,87381-58331,C,Leon,Leon Draisaitl,Draisaitl,20.82758621,58,9900,BOS@EDM,EDM,BOS,,,,,,C/UTIL
3074955430,87381-263032167,$500 Mon NHL Five Hole (150 Entries Max),87381-101993,87381-161910,87381-43135,87381-59218,87381-113276,87381-66759,87381-16969,87381-64100,87381-66612,,87381-66737:Mikko Rantanen,87381-66737,W,Mikko,Mikko Rantanen,Rantanen,19.57894737,57,9600,VGK@COL,COL,VGK,,,,,,W/UTIL
3074955432,87381-263032167,$500 Mon NHL Five Hole (150 Entries Max),87381-159629,87381-41592,87381-13612,87381-59218,87381-37883,87381-66759,87381-8651,87381-8682,87381-66612,,87381-84409:Elias Pettersson,87381-84409,C,Elias,Elias Pettersson,Pettersson,20.0298237,57,9600,VAN@DAL,VAN,DAL,,,,,,C/UTIL
3074955434,87381-263032167,$500 Mon NHL Five Hole (150 Entries Max),87381-39990,87381-62788,87381-59142,87381-59218,87381-12460,87381-13472,87381-41394,87381-66716,87381-66612,,87381-82170:Jason Robertson,87381-82170,W,Jason,Jason Robertson,Robertson,19.01864365,59,9400,VAN@DAL,DAL,VAN,,,,,,W/UTIL
3074955435,87381-263032167,$500 Mon NHL Five Hole (150 Entries Max),87381-148101,87381-41391,87381-13612,87381-82120,87381-135674,87381-13981,87381-41592,87381-41394,87381-103202,,87381-12690:Scott Wedgewood,87381-12690,G,Scott,Scott Wedgewood,Wedgewood,15.11999969,20,8800,VAN@DAL,DAL,VAN,,,,,,G
3074955437,87381-263032167,$500 Mon NHL Five Hole (150 Entries Max),87381-159629,87381-80286,87381-14473,87381-59142,87381-39264,87381-42910,87381-59218,87381-8763,87381-66612,,87381-103202:Jake Oettinger,87381-103202,G,Jake,Jake Oettinger,Oettinger,19.37391331,46,8800,VAN@DAL,DAL,VAN,,,,,,G
3074955439,87381-263032167,$500 Mon NHL Five Hole (150 Entries Max),87381-41391,87381-70279,87381-14473,87381-43135,87381-74016,87381-82800,87381-82912,87381-8640,87381-103202,,87381-82094:Alexandar Georgiev,87381-82094,G,Alexandar,Alexandar Georgiev,Georgiev,20.5904759,42,8600,VGK@COL,COL,VGK,,,,,,G
3074955440,87381-263032167,$500 Mon NHL Five Hole (150 Entries Max),87381-128506,87381-62788,87381-59218,87381-66622,87381-66606,87381-66759,87381-65970,87381-97098,87381-66612,,87381-83213:Pavel Francouz,87381-83213,G,Pavel,Pavel Francouz,Francouz,17.85000038,16,8600,VGK@COL,COL,VGK,O,Lower body,,,,G
3074955442,87381-263032167,$500 Mon NHL Five Hole (150 Entries Max),87381-42839,87381-8175,87381-59142,87381-59218,87381-152482,87381-82174,87381-97098,87381-73885,87381-66612,,87381-12609:Zach Hyman,87381-12609,W,Zach,Zach Hyman,Hyman,17.88644151,59,8600,BOS@EDM,EDM,BOS,,,,,,W/UTIL
3074955444,87381-263032167,$500 Mon NHL Five Hole (150 Entries Max),87381-41391,87381-70279,87381-37968,87381-43135,87381-70199,87381-9036,87381-82198,87381-8640,87381-103202,,87381-80479:Jonas Johansson,87381-80479,G,Jonas,Jonas Johansson,Johansson,5.599999905,1,8600,VGK@COL,COL,VGK,,,,,,G
3074955446,87381-263032167,$500 Mon NHL Five Hole (150 Entries Max),87381-142017,87381-62157,87381-13657,87381-59218,87381-12793,87381-8651,87381-70919,87381-8763,87381-66612,,87381-54809:Linus Ullmark,87381-54809,G,Linus,Linus Ullmark,Ullmark,24.14736778,38,8500,BOS@EDM,BOS,EDM,,,,,,G
3074955449,87381-263032167,$500 Mon NHL Five Hole (150 Entries Max),87381-41592,87381-8176,87381-13657,87381-59218,87381-148102,87381-42910,87381-8651,87381-74155,87381-66612,,87381-120415:Jeremy Swayman,87381-120415,G,Jeremy,Jeremy Swayman,Swayman,16.0615387,26,8500,BOS@EDM,BOS,EDM,,,,,,G
3074955450,87381-263032167,$500 Mon NHL Five Hole (150 Entries Max),87381-62927,87381-8175,87381-21689,87381-59218,87381-39464,87381-82174,87381-8878,87381-74155,87381-66612,,87381-97147:Brady Tkachuk,87381-97147,W,Brady,Brady Tkachuk,Tkachuk,17.04482717,58,8400,DET@OTT,OTT,DET,,,,,,W/UTIL
3074955451,87381-263032167,$500 Mon NHL Five Hole (150 Entries Max),87381-142017,87381-148186,87381-59218,87381-82190,87381-37883,87381-42910,87381-97096,87381-97022,87381-66612,,87381-14697:Gabriel Landeskog,87381-14697,W,Gabriel,Gabriel Landeskog,Landeskog,17.50985847,71,8300,VGK@COL,COL,VGK,IR,Knee,,,,W/UTIL
3074955452,87381-263032167,$500 Mon NHL Five Hole (150 Entries Max),87381-39990,87381-80286,87381-14473,87381-59142,87381-42962,87381-66759,87381-8176,87381-59218,87381-66612,,87381-14563:Ryan Nugent-Hopkins,87381-14563,W,Ryan,Ryan Nugent-Hopkins,Nugent-Hopkins,16.31166687,60,8200,BOS@EDM,EDM,BOS,,,,,,W/UTIL
3074955453,87381-263032167,$500 Mon NHL Five Hole (150 Entries Max),87381-159629,87381-23928,87381-42922,87381-59218,87381-12793,87381-43093,87381-62788,87381-97022,87381-66612,,87381-11301:Cam Talbot,87381-11301,G,Cam,Cam Talbot,Talbot,14.64827544,29,8100,DET@OTT,OTT,DET,,,,,,G
3074955454,87381-263032167,$500 Mon NHL Five Hole (150 Entries Max),87381-39990,87381-65970,87381-59142,87381-59218,87381-101277,87381-12460,87381-8878,87381-66601,87381-66612,,87381-117110:Mads Sogaard,87381-117110,G,Mads,Mads Sogaard,Sogaard,18.4,5,8100,DET@OTT,OTT,DET,,,,,,G
3074955456,87381-263032167,$500 Mon NHL Five Hole (150 Entries Max),87381-65970,87381-97128,87381-59218,87381-73885,87381-12460,87381-39464,87381-82800,87381-8615,87381-66612,,87381-142017:Tim Stuetzle,87381-142017,C,Tim,Tim Stuetzle,Stuetzle,16.44074051,54,8100,DET@OTT,OTT,DET,,,,,,C/UTIL
3074955458,87381-263032167,$500 Mon NHL Five Hole (150 Entries Max),87381-128506,87381-8175,87381-37894,87381-59218,87381-12460,87381-66759,87381-82193,87381-8640,87381-66612,,87381-38243:Anthony Stolarz,87381-38243,G,Anthony,Anthony Stolarz,Stolarz,9.563636086,22,7900,CHI@ANH,ANH,CHI,O,Lower body,,,,G
3074955460,87381-263032167,$500 Mon NHL Five Hole (150 Entries Max),87381-159629,87381-8176,87381-37894,87381-59218,87381-113276,87381-82174,87381-85571,87381-8763,87381-66612,,87381-64100:Jack Eichel,87381-64100,C,Jack,Jack Eichel,Eichel,16.42173966,46,7900,VGK@COL,VGK,COL,,,,,,C/UTIL
3074955463,87381-263032167,$500 Mon NHL Five Hole (150 Entries Max),87381-159629,87381-16969,87381-59218,87381-61549,87381-11365,87381-66759,87381-82800,87381-8763,87381-66612,,87381-97102:Lukas Dostal,87381-97102,G,Lukas,Lukas Dostal,Dostal,13.86666701,9,7900,CHI@ANH,ANH,CHI,,,,,,G
3074955466,87381-263032167,$500 Mon NHL Five Hole (150 Entries Max),87381-142017,87381-8294,87381-21689,87381-59218,87381-11365,87381-8651,87381-97098,87381-74155,87381-66612,,87381-15268:John Gibson,87381-15268,G,John,John Gibson,Gibson,16.07804908,41,7900,CHI@ANH,ANH,CHI,,,,,,G
3074955469,87381-263032167,$500 Mon NHL Five Hole (150 Entries Max),87381-128506,87381-8175,87381-37894,87381-59218,87381-12460,87381-43093,87381-8967,87381-82120,87381-66612,,87381-62788:Dylan Larkin,87381-62788,C,Dylan,Dylan Larkin,Larkin,15.46140329,57,7700,DET@OTT,DET,OTT,,,,,,C/UTIL
3074955472,87381-263032167,$500 Mon NHL Five Hole (150 Entries Max),87381-65970,87381-70927,87381-59218,87381-70925,87381-13981,87381-41394,87381-42910,87381-74155,87381-103202,,87381-9252:Alex Stalock,87381-9252,G,Alex,Alex Stalock,Stalock,16.26666667,15,7500,CHI@ANH,CHI,ANH,,,,,,G
3074955474,87381-263032167,$500 Mon NHL Five Hole (150 Entries Max),87381-101993,87381-8175,87381-59218,87381-66790,87381-11365,87381-39464,87381-66759,87381-74076,87381-66612,,87381-15400:Petr Mrazek,87381-15400,G,Petr,Petr Mrazek,Mrazek,12.62222177,27,7500,CHI@ANH,CHI,ANH,,,,,,G
3074955477,87381-263032167,$500 Mon NHL Five Hole (150 Entries Max),87381-62157,87381-62788,87381-37894,87381-59218,87381-12460,87381-41394,87381-80286,87381-70922,87381-66612,,87381-168022:Jaxson Stauber,87381-168022,G,Jaxson,Jaxson Stauber,Stauber,21.86666616,6,7500,CHI@ANH,CHI,ANH,,,,,,G
3074955478,87381-263032167,$500 Mon NHL Five Hole (150 Entries Max),87381-65970,87381-8175,87381-59218,87381-79857,87381-82174,87381-97098,87381-82912,87381-96777,87381-66612,,87381-103523:Cale Makar,87381-103523,D,Cale,Cale Makar,Makar,16.24565191,46,7500,VGK@COL,COL,VGK,DTD,Concussion,,,,D/UTIL
3074955481,87381-263032167,$500 Mon NHL Five Hole (150 Entries Max),87381-128506,87381-65970,87381-171491,87381-59218,87381-39264,87381-66759,87381-74016,87381-8682,87381-66612,,87381-9092:Evander Kane,87381-9092,W,Evander,Evander Kane,Kane,14.57499949,24,7500,BOS@EDM,EDM,BOS,DTD,Upper body,,,,W/UTIL
3074955484,87381-263032167,$500 Mon NHL Five Hole (150 Entries Max),87381-101993,87381-80286,87381-59142,87381-59218,87381-11365,87381-66759,87381-8175,87381-84116,87381-66612,,87381-8262:Patrick Kane,87381-8262,W,Patrick,Patrick Kane,Kane,13.70740763,54,7400,CHI@ANH,CHI,ANH,O,Not injury related,,,,W/UTIL
3074955487,87381-263032167,$500 Mon NHL Five Hole (150 Entries Max),87381-161910,87381-41592,87381-59218,87381-70922,87381-39464,87381-43093,87381-80286,87381-82909,87381-66612,,87381-80286:Roope Hintz,87381-80286,C,Roope,Roope Hintz,Hintz,15.26274558,51,7400,VAN@DAL,DAL,VAN,,,,,,C/UTIL
3074955489,87381-263032167,$500 Mon NHL Five Hole (150 Entries Max),87381-128506,87381-80286,87381-43135,87381-59218,87381-12793,87381-43093,87381-97128,87381-8539,87381-66612,,87381-66601:Jake DeBrusk,87381-66601,W,Jake,Jake DeBrusk,DeBrusk,14.7,40,7300,BOS@EDM,BOS,EDM,,,,,,W/UTIL
3074955491,87381-263032167,$500 Mon NHL Five Hole (150 Entries Max),87381-142017,87381-97096,87381-59218,87381-66686,87381-14457,87381-39464,87381-70919,87381-82190,87381-66612,,87381-43093:Shea Theodore,87381-43093,D,Shea,Shea Theodore,Theodore,13.65640963,39,7300,VGK@COL,VGK,COL,,,,,,D/UTIL
3074955493,87381-263032167,$500 Mon NHL Five Hole (150 Entries Max),87381-41391,87381-41592,87381-73970,87381-8640,87381-13981,87381-73909,87381-74016,87381-97022,87381-103202,,87381-12628:Mark Stone,87381-12628,W,Mark,Mark Stone,Stone,13.90930176,43,7300,VGK@COL,VGK,COL,IR,Back,,,,W/UTIL
3074955495,87381-263032167,$500 Mon NHL Five Hole (150 Entries Max),87381-16969,87381-41592,87381-37968,87381-59142,87381-70912,87381-82174,87381-59218,87381-73970,87381-66612,,87381-42710:Magnus Hellberg,87381-42710,G,Magnus,Magnus Hellberg,Hellberg,10.46153846,13,7300,DET@OTT,DET,OTT,,,,,,G
3074955497,87381-263032167,$500 Mon NHL Five Hole (150 Entries Max),87381-128506,87381-39990,87381-13612,87381-59218,87381-66606,87381-66759,87381-82912,87381-8682,87381-66612,,87381-70509:Ville Husso,87381-70509,G,Ville,Ville Husso,Husso,16.55111084,45,7300,DET@OTT,DET,OTT,,,,,,G
3074955499,87381-263032167,$500 Mon NHL Five Hole (150 Entries Max),87381-16969,87381-8176,87381-43135,87381-59218,87381-43093,87381-82174,87381-97128,87381-8640,87381-66612,,87381-73885:Alex DeBrincat,87381-73885,W,Alex,Alex DeBrincat,DeBrincat,14.2448278,58,7200,DET@OTT,OTT,DET,,,,,,W/UTIL
3074955501,87381-263032167,$500 Mon NHL Five Hole (150 Entries Max),87381-128506,87381-39990,87381-37894,87381-59218,87381-37883,87381-41394,87381-70912,87381-61549,87381-66612,,87381-8651:Alex Pietrangelo,87381-8651,D,Alex,Alex Pietrangelo,Pietrangelo,14.41400024,50,7200,VGK@COL,VGK,COL,,,,,,D/UTIL
3074955502,87381-263032167,$500 Mon NHL Five Hole (150 Entries Max),87381-142017,87381-161910,87381-59142,87381-59218,87381-43093,87381-70912,87381-97096,87381-8466,87381-66612,,87381-8763:Brad Marchand,87381-8763,W,Brad,Brad Marchand,Marchand,14.65882305,51,7200,BOS@EDM,BOS,EDM,,,,,,W/UTIL
3074955504,87381-263032167,$500 Mon NHL Five Hole (150 Entries Max),87381-128506,87381-16969,87381-37968,87381-59218,87381-66759,87381-74016,87381-82167,87381-8682,87381-66612,,87381-8175:Patrice Bergeron,87381-8175,C,Patrice,Patrice Bergeron,Bergeron,14.23793082,58,7200,BOS@EDM,BOS,EDM,,,,,,C/UTIL
3074955505,87381-263032167,$500 Mon NHL Five Hole (150 Entries Max),87381-65970,87381-8175,87381-37968,87381-59218,87381-12460,87381-37883,87381-41394,87381-82120,87381-66612,,87381-15360:J.T. Miller,87381-15360,C,J.T.,J.T. Miller,Miller,14.43389789,59,7100,VAN@DAL,VAN,DAL,,,,,,C/UTIL
3074955507,87381-263032167,$500 Mon NHL Five Hole (150 Entries Max),87381-64100,87381-8176,87381-13612,87381-13657,87381-21935,87381-41394,87381-8967,87381-59218,87381-66612,,87381-82115:Stuart Skinner,87381-82115,G,Stuart,Stuart Skinner,Skinner,15.86666701,36,7100,BOS@EDM,EDM,BOS,,,,,,G
3074955509,87381-263032167,$500 Mon NHL Five Hole (150 Entries Max),87381-128506,87381-41391,87381-14473,87381-73970,87381-12460,87381-39464,87381-41394,87381-82120,87381-103202,,87381-70912:Charlie McAvoy,87381-70912,D,Charlie,Charlie McAvoy,McAvoy,13.43999973,45,7100,BOS@EDM,BOS,EDM,,,,,,D/UTIL
3074955512,87381-263032167,$500 Mon NHL Five Hole (150 Entries Max),87381-159629,87381-62157,87381-59218,87381-8682,87381-39464,87381-43093,87381-80286,87381-59256,87381-66612,,87381-12619:Jack Campbell,87381-12619,G,Jack,Jack Campbell,Campbell,12.48484848,33,7100,BOS@EDM,EDM,BOS,,,,,,G
3074955513,87381-263032167,$500 Mon NHL Five Hole (150 Entries Max),87381-41592,87381-97096,87381-59142,87381-59218,87381-42910,87381-42924,87381-8651,87381-82912,87381-66612,,87381-8556:Claude Giroux,87381-8556,W,Claude,Claude Giroux,Giroux,13.86724117,58,7100,DET@OTT,OTT,DET,,,,,,W/UTIL
3074955515,87381-263032167,$500 Mon NHL Five Hole (150 Entries Max),87381-39990,87381-65970,87381-59218,87381-70919,87381-12460,87381-39464,87381-97129,87381-97147,87381-66612,,87381-41392:Valeri Nichushkin,87381-41392,W,Valeri,Valeri Nichushkin,Nichushkin,13.29677459,31,7000,VGK@COL,COL,VGK,,,,,,W/UTIL
3074955516,87381-263032167,$500 Mon NHL Five Hole (150 Entries Max),87381-64100,87381-65970,87381-59142,87381-59218,87381-113270,87381-37883,87381-66759,87381-8763,87381-66612,,87381-101277:Quinn Hughes,87381-101277,D,Quinn,Quinn Hughes,Hughes,12.82727273,55,7000,VAN@DAL,VAN,DAL,,,,,,D/UTIL
3074955518,87381-263032167,$500 Mon NHL Five Hole (150 Entries Max),87381-128506,87381-62927,87381-59218,87381-74076,87381-70912,87381-82174,87381-97098,87381-82912,87381-66612,,87381-11294:Michael Hutchinson,87381-11294,G,Michael,Michael Hutchinson,Hutchinson,2.400000095,2,6900,VGK@COL,VGK,COL,,,,,,G
3074955519,87381-263032167,$500 Mon NHL Five Hole (150 Entries Max),87381-80286,87381-8176,87381-13657,87381-59218,87381-12460,87381-66759,87381-97098,87381-66790,87381-66612,,87381-66612:Adin Hill,87381-66612,G,Adin,Adin Hill,Hill,14.46153846,26,6900,VGK@COL,VGK,COL,,,,,,G
3074955520,87381-263032167,$500 Mon NHL Five Hole (150 Entries Max),87381-148186,87381-41592,87381-59218,87381-73885,87381-23035,87381-39264,87381-8176,87381-82174,87381-66612,,87381-82190:Drake Batherson,87381-82190,W,Drake,Drake Batherson,Batherson,13.37586186,58,6900,DET@OTT,OTT,DET,,,,,,W/UTIL
3074955521,87381-263032167,$500 Mon NHL Five Hole (150 Entries Max),87381-142017,87381-148186,87381-73981,87381-74155,87381-13742,87381-13981,87381-41391,87381-70279,87381-15400,,87381-97093:Logan Thompson,87381-97093,G,Logan,Logan Thompson,Thompson,18.35675709,37,6900,VGK@COL,VGK,COL,IR,Lower body,,,,G
3074955522,87381-263032167,$500 Mon NHL Five Hole (150 Entries Max),87381-12417,87381-8176,87381-43135,87381-59218,87381-101277,87381-8967,87381-82909,87381-66601,87381-66612,,87381-15271:Laurent Brossoit,87381-15271,G,Laurent,Laurent Brossoit,Brossoit,22.13333384,3,6900,VGK@COL,VGK,COL,,,,,,G
3074955523,87381-263032167,$500 Mon NHL Five Hole (150 Entries Max),87381-128506,87381-41391,87381-43135,87381-73970,87381-70199,87381-74016,87381-70279,87381-97022,87381-103202,,87381-8986:Jamie Benn,87381-8986,W,Jamie,Jamie Benn,Benn,13.20508433,59,6800,VAN@DAL,DAL,VAN,,,,,,W/UTIL
3074955524,87381-263032167,$500 Mon NHL Five Hole (150 Entries Max),87381-101993,87381-142017,87381-59218,87381-61549,87381-101277,87381-12460,87381-9036,87381-66625,87381-66612,,87381-66759:Thomas Chabot,87381-66759,D,Thomas,Thomas Chabot,Chabot,12.55849011,53,6700,DET@OTT,OTT,DET,,,,,,D/UTIL
3074955526,87381-263032167,$500 Mon NHL Five Hole (150 Entries Max),87381-148101,87381-41391,87381-43135,87381-70483,87381-66759,87381-9036,87381-42839,87381-8640,87381-82115,,87381-82001:Collin Delia,87381-82001,G,Collin,Collin Delia,Delia,10.98666687,15,6600,VAN@DAL,VAN,DAL,,,,,,G
3074955527,87381-263032167,$500 Mon NHL Five Hole (150 Entries Max),87381-161910,87381-62927,87381-14563,87381-59218,87381-13742,87381-39464,87381-65970,87381-82174,87381-66612,,87381-70251:Thatcher Demko,87381-70251,G,Thatcher,Thatcher Demko,Demko,9.399999619,16,6600,VAN@DAL,VAN,DAL,IR,Groin,,,,G
3074955528,87381-263032167,$500 Mon NHL Five Hole (150 Entries Max),87381-161910,87381-65970,87381-59218,87381-8556,87381-13981,87381-42924,87381-66759,87381-8640,87381-66612,,87381-42643:Spencer Martin,87381-42643,G,Spencer,Spencer Martin,Martin,8.824999809,32,6600,VAN@DAL,VAN,DAL,,,,,,G
3074955549,87381-263032167,$500 Mon NHL Five Hole (150 Entries Max),87381-62788,87381-65970,87381-59218,87381-82120,87381-82174,87381-84410,87381-82912,87381-8640,87381-66612,,87381-82912:Troy Terry,87381-82912,W,Troy,Troy Terry,Terry,12.91886815,53,6600,CHI@ANH,ANH,CHI,,,,,,W/UTIL
3074955551,87381-263032167,$500 Mon NHL Five Hole (150 Entries Max),87381-101993,87381-142017,87381-13612,87381-59218,87381-39264,87381-42910,87381-39990,87381-8640,87381-66612,,87381-180228:Daniel Mannella,87381-180228,G,Daniel,Daniel Mannella,Mannella,,,6500,CHI@ANH,ANH,CHI,,,,,,G
3074955553,87381-263032167,$500 Mon NHL Five Hole (150 Entries Max),87381-142017,87381-62927,87381-59218,87381-82912,87381-11365,87381-66606,87381-80286,87381-8466,87381-66612,,87381-43033:Antoine Bibeau,87381-43033,G,Antoine,Antoine Bibeau,Bibeau,,,6500,DET@OTT,OTT,DET,,,,,,G
3074955554,87381-263032167,$500 Mon NHL Five Hole (150 Entries Max),87381-41592,87381-70927,87381-12609,87381-59218,87381-11365,87381-41394,87381-42924,87381-97022,87381-66612,,87381-180274:Mitchell Weeks,87381-180274,G,Mitchell,Mitchell Weeks,Weeks,,,6500,CHI@ANH,CHI,ANH,,,,,,G
3074955556,87381-263032167,$500 Mon NHL Five Hole (150 Entries Max),87381-128506,87381-58878,87381-43135,87381-59218,87381-113276,87381-82174,87381-8175,87381-66625,87381-66612,,87381-180281:Ivan Zhigalov,87381-180281,G,Ivan,Ivan Zhigalov,Zhigalov,,,6500,VGK@COL,COL,VGK,,,,,,G
3074955558,87381-263032167,$500 Mon NHL Five Hole (150 Entries Max),87381-41391,87381-41592,87381-21689,87381-8357,87381-13472,87381-39464,87381-65970,87381-97022,87381-103202,,87381-180285:Logan Flodell,87381-180285,G,Logan,Logan Flodell,Flodell,,,6500,DET@OTT,OTT,DET,,,,,,G
3074955560,87381-263032167,$500 Mon NHL Five Hole (150 Entries Max),87381-101993,87381-41592,87381-59218,87381-82912,87381-11365,87381-42910,87381-70927,87381-8176,87381-66612,,87381-159805:Sebastian Cossa,87381-159805,G,Sebastian,Sebastian Cossa,Cossa,,,6500,DET@OTT,DET,OTT,,,,,,G
3074955562,87381-263032167,$500 Mon NHL Five Hole (150 Entries Max),87381-41592,87381-65970,87381-59218,87381-66716,87381-82174,87381-8651,87381-8176,87381-70919,87381-66612,,87381-37968:Jonathan Marchessault,87381-37968,W,Jonathan,Jonathan Marchessault,Marchessault,12.72641509,53,6500,VGK@COL,VGK,COL,,,,,,W/UTIL
3074955564,87381-263032167,$500 Mon NHL Five Hole (150 Entries Max),87381-148186,87381-159629,87381-12609,87381-59218,87381-12460,87381-97098,87381-62927,87381-8556,87381-66612,,87381-82007:Jiri Patera,87381-82007,G,Jiri,Jiri Patera,Patera,,,6500,VGK@COL,VGK,COL,,,,,,G
3074955565,87381-263032167,$500 Mon NHL Five Hole (150 Entries Max),87381-128506,87381-23928,87381-13657,87381-59218,87381-13981,87381-66759,87381-82005,87381-8763,87381-66612,,87381-40023:Anton Forsberg,87381-40023,G,Anton,Anton Forsberg,Forsberg,14.40000021,29,6500,DET@OTT,OTT,DET,IR,Knee,,,,G
3074955566,87381-263032167,$500 Mon NHL Five Hole (150 Entries Max),87381-62157,87381-8175,87381-59142,87381-59218,87381-39464,87381-66759,87381-61245,87381-8615,87381-66612,,87381-161919:Remi Poirier,87381-161919,G,Remi,Remi Poirier,Poirier,,,6500,VAN@DAL,DAL,VAN,,,,,,G
3074955568,87381-263032167,$500 Mon NHL Five Hole (150 Entries Max),87381-62157,87381-8175,87381-59218,87381-82120,87381-12793,87381-43093,87381-97128,87381-8763,87381-66612,,87381-161936:Jesper Vikman,87381-161936,G,Jesper,Jesper Vikman,Vikman,,,6500,VGK@COL,VGK,COL,,,,,,G
3074955569,87381-263032167,$500 Mon NHL Five Hole (150 Entries Max),87381-41391,87381-70279,87381-41392,87381-73970,87381-13472,87381-66759,87381-8294,87381-97022,87381-103202,,87381-161955:Jan Bednar,87381-161955,G,Jan,Jan Bednar,Bednar,,,6500,DET@OTT,DET,OTT,,,,,,G
3074955571,87381-263032167,$500 Mon NHL Five Hole (150 Entries Max),87381-128506,87381-161910,87381-59218,87381-8539,87381-12460,87381-42910,87381-8175,87381-9036,87381-66612,,87381-168114:Ryan Fanti,87381-168114,G,Ryan,Ryan Fanti,Fanti,,,6500,BOS@EDM,EDM,BOS,,,,,,G
3074955572,87381-263032167,$500 Mon NHL Five Hole (150 Entries Max),87381-161910,87381-62788,87381-43139,87381-59127,87381-12793,87381-70912,87381-82174,87381-59218,87381-66612,,87381-82098:Michael DiPietro,87381-82098,G,Michael,Michael DiPietro,DiPietro,-0.800000012,1,6500,BOS@EDM,BOS,EDM,,,,,,G
3074955573,87381-263032167,$500 Mon NHL Five Hole (150 Entries Max),87381-39990,87381-62157,87381-59218,87381-97022,87381-23035,87381-43093,87381-8176,87381-66759,87381-66612,,87381-180410:Ty Young,87381-180410,G,Ty,Ty Young,Young,,,6500,VAN@DAL,VAN,DAL,,,,,,G
3074955574,87381-263032167,$500 Mon NHL Five Hole (150 Entries Max),87381-101993,87381-128506,87381-59218,87381-66790,87381-13981,87381-41394,87381-42839,87381-74155,87381-66612,,87381-180420:Jordan Papirny,87381-180420,G,Jordan,Jordan Papirny,Papirny,,,6500,VGK@COL,VGK,COL,,,,,,G
3074955576,87381-263032167,$500 Mon NHL Five Hole (150 Entries Max),87381-101993,87381-23928,87381-59218,87381-8539,87381-101277,87381-142019,87381-64100,87381-8615,87381-66612,,87381-161995:Gage Alexander,87381-161995,G,Gage,Gage Alexander,Alexander,,,6500,CHI@ANH,ANH,CHI,,,,,,G
3074955577,87381-263032167,$500 Mon NHL Five Hole (150 Entries Max),87381-101993,87381-58878,87381-59218,87381-66601,87381-12460,87381-15302,87381-66759,87381-8763,87381-66612,,87381-167127:Isaiah Saville,87381-167127,G,Isaiah,Isaiah Saville,Saville,,,6500,VGK@COL,VGK,COL,,,,,,G
3074955579,87381-263032167,$500 Mon NHL Five Hole (150 Entries Max),87381-159629,87381-41391,87381-13612,87381-97153,87381-15302,87381-39464,87381-41592,87381-70199,87381-103202,,87381-116948:Arturs Silovs,87381-116948,G,Arturs,Arturs Silovs,Silovs,16.79999924,4,6500,VAN@DAL,VAN,DAL,,,,,,G
3074955581,87381-263032167,$500 Mon NHL Five Hole (150 Entries Max),87381-39990,87381-70279,87381-43139,87381-59218,87381-39464,87381-41394,87381-66606,87381-66625,87381-103202,,87381-82163:Olle Eriksson Ek,87381-82163,G,Olle,Olle Eriksson Ek,Eriksson Ek,,,6500,CHI@ANH,ANH,CHI,,,,,,G
3074955582,87381-263032167,$500 Mon NHL Five Hole (150 Entries Max),87381-23928,87381-39990,87381-13657,87381-59218,87381-101277,87381-41394,87381-43093,87381-74155,87381-66612,,87381-82178:Kyle Keyser,87381-82178,G,Kyle,Kyle Keyser,Keyser,,,6500,BOS@EDM,BOS,EDM,,,,,,G
3074955584,87381-263032167,$500 Mon NHL Five Hole (150 Entries Max),87381-42839,87381-70927,87381-59218,87381-8615,87381-11365,87381-39464,87381-97096,87381-66759,87381-66612,,87381-117067:Trent Miner,87381-117067,G,Trent,Trent Miner,Miner,,,6500,VGK@COL,COL,VGK,,,,,,G
3074955585,87381-263032167,$500 Mon NHL Five Hole (150 Entries Max),87381-148186,87381-64100,87381-37968,87381-59218,87381-12460,87381-66759,87381-97098,87381-73970,87381-66612,,87381-39268:Jussi Olkinuora,87381-39268,G,Jussi,Jussi Olkinuora,Olkinuora,,,6500,DET@OTT,DET,OTT,,,,,,G
3074955587,87381-263032167,$500 Mon NHL Five Hole (150 Entries Max),87381-101993,87381-8175,87381-151490,87381-59218,87381-13981,87381-41394,87381-8878,87381-61549,87381-66612,,87381-12654:Calvin Pickard,87381-12654,G,Calvin,Calvin Pickard,Pickard,8.799999873,3,6500,BOS@EDM,EDM,BOS,,,,,,G
3074955589,87381-263032167,$500 Mon NHL Five Hole (150 Entries Max),87381-128506,87381-23928,87381-37968,87381-59218,87381-15302,87381-41394,87381-70912,87381-8682,87381-66612,,87381-167289:Calle Clang,87381-167289,G,Calle,Calle Clang,Clang,,,6500,CHI@ANH,ANH,CHI,,,,,,G
3074955591,87381-263032167,$500 Mon NHL Five Hole (150 Entries Max),87381-41391,87381-62445,87381-43135,87381-8615,87381-11365,87381-13472,87381-82193,87381-74016,87381-103202,,87381-168320:Brandon Bussi,87381-168320,G,Brandon,Brandon Bussi,Bussi,,,6500,BOS@EDM,BOS,EDM,,,,,,G
3074955593,87381-263032167,$500 Mon NHL Five Hole (150 Entries Max),87381-148101,87381-23928,87381-43135,87381-8640,87381-12793,87381-39464,87381-41391,87381-80286,87381-103202,,87381-74125:Dylan Wells,87381-74125,G,Dylan,Dylan Wells,Wells,5.599999905,1,6500,CHI@ANH,CHI,ANH,,,,,,G
3074955595,87381-263032167,$500 Mon NHL Five Hole (150 Entries Max),87381-148101,87381-41391,87381-43135,87381-82912,87381-12460,87381-21935,87381-62445,87381-8640,87381-103202,,87381-8615:Joe Pavelski,87381-8615,W,Joe,Joe Pavelski,Pavelski,12.93559343,59,6500,VAN@DAL,DAL,VAN,,,,,,W/UTIL
3074955597,87381-263032167,$500 Mon NHL Five Hole (150 Entries Max),87381-41391,87381-80286,87381-13612,87381-151490,87381-41394,87381-82800,87381-84410,87381-70483,87381-15400,,87381-41394:Seth Jones,87381-41394,D,Seth,Seth Jones,Jones,12.54583359,48,6500,CHI@ANH,CHI,ANH,,,,,,D/UTIL
3074955598,87381-263032167,$500 Mon NHL Five Hole (150 Entries Max),87381-101993,87381-148186,87381-59218,87381-70922,87381-41394,87381-66759,87381-42839,87381-73885,87381-66612,,87381-8672:Mike Smith,87381-8672,G,Mike,Mike Smith,Smith,19.92727245,44,6500,BOS@EDM,EDM,BOS,IR,Undisclosed,,,,G
3074955600,87381-263032167,$500 Mon NHL Five Hole (150 Entries Max),87381-142017,87381-148186,87381-13612,87381-59218,87381-11365,87381-66759,87381-39990,87381-73963,87381-66612,,87381-162281:John Lethemon,87381-162281,G,John,John Lethemon,Lethemon,,,6500,DET@OTT,DET,OTT,,,,,,G
3074955601,87381-263032167,$500 Mon NHL Five Hole (150 Entries Max),87381-161910,87381-8176,87381-21689,87381-37894,87381-142019,87381-82174,87381-59218,87381-8763,87381-66612,,87381-135680:Justus Annunen,87381-135680,G,Justus,Justus Annunen,Annunen,23.20000076,1,6500,VGK@COL,COL,VGK,,,,,,G
3074955602,87381-263032167,$500 Mon NHL Five Hole (150 Entries Max),87381-128506,87381-161910,87381-59218,87381-82156,87381-41394,87381-42910,87381-8176,87381-8967,87381-66612,,87381-135685:Victor Brattstrom,87381-135685,G,Victor,Victor Brattstrom,Brattstrom,,,6500,DET@OTT,DET,OTT,,,,,,G
3074955604,87381-263032167,$500 Mon NHL Five Hole (150 Entries Max),87381-161910,87381-97096,87381-59218,87381-82912,87381-142019,87381-66759,87381-9036,87381-8763,87381-66612,,87381-154165:Leevi Merilainen,87381-154165,G,Leevi,Leevi Merilainen,Merilainen,,,6500,DET@OTT,OTT,DET,,,,,,G
3074955606,87381-263032167,$500 Mon NHL Five Hole (150 Entries Max),87381-39990,87381-8175,87381-14473,87381-59218,87381-101277,87381-113276,87381-8294,87381-82800,87381-66612,,87381-8864:Robin Lehner,87381-8864,G,Robin,Robin Lehner,Lehner,16.78181874,44,6500,VGK@COL,VGK,COL,IR,Hip,,,,G
3074955607,87381-263032167,$500 Mon NHL Five Hole (150 Entries Max),87381-65970,87381-8175,87381-171491,87381-59142,87381-66759,87381-9036,87381-59218,87381-8682,87381-66612,,87381-169657:Matthew Berlin,87381-169657,G,Matthew,Matthew Berlin,Berlin,0.800000012,1,6500,BOS@EDM,EDM,BOS,,,,,,G
3074955609,87381-263032167,$500 Mon NHL Five Hole (150 Entries Max),87381-128506,87381-80286,87381-13657,87381-59218,87381-43093,87381-74016,87381-8878,87381-73970,87381-66612,,87381-8893:Anton Khudobin,87381-8893,G,Anton,Anton Khudobin,Khudobin,8.640000153,10,6500,VAN@DAL,DAL,VAN,,,,,,G
3074955611,87381-263032167,$500 Mon NHL Five Hole (150 Entries Max),87381-41391,87381-65970,87381-21689,87381-41392,87381-12793,87381-148102,87381-70199,87381-59142,87381-103202,,87381-148184:Adam Scheel,87381-148184,G,Adam,Adam Scheel,Scheel,,,6500,VAN@DAL,DAL,VAN,,,,,,G
3074955613,87381-263032167,$500 Mon NHL Five Hole (150 Entries Max),87381-148101,87381-41391,87381-61549,87381-66716,87381-11365,87381-142019,87381-66759,87381-8640,87381-103202,,87381-151336:Arvid Soderblom,87381-151336,G,Arvid,Arvid Soderblom,Soderblom,9.176470588,17,6500,CHI@ANH,CHI,ANH,,,,,,G
3074955614,87381-263032167,$500 Mon NHL Five Hole (150 Entries Max),87381-70279,87381-8176,87381-13657,87381-59218,87381-41394,87381-66606,87381-70483,87381-70922,87381-103202,,87381-59226:Alex Nedeljkovic,87381-59226,G,Alex,Alex Nedeljkovic,Nedeljkovic,7.46666654,12,6500,DET@OTT,DET,OTT,,,,,,G
3074955616,87381-263032167,$500 Mon NHL Five Hole (150 Entries Max),87381-41391,87381-65970,87381-41392,87381-60686,87381-148102,87381-66759,87381-70279,87381-82120,87381-103202,,87381-42852:Francois Brassard,87381-42852,G,Francois,Francois Brassard,Brassard,,,6500,BOS@EDM,BOS,EDM,,,,,,G
3074955617,87381-263032167,$500 Mon NHL Five Hole (150 Entries Max),87381-23928,87381-70279,87381-41392,87381-59218,87381-41394,87381-70199,87381-70927,87381-61245,87381-103202,,87381-14183:Keith Kinkaid,87381-14183,G,Keith,Keith Kinkaid,Kinkaid,32,1,6500,VGK@COL,COL,VGK,,,,,,G
3074955619,87381-263032167,$500 Mon NHL Five Hole (150 Entries Max),87381-161910,87381-41391,87381-41392,87381-59127,87381-13981,87381-21935,87381-41592,87381-70279,87381-15400,,87381-97135:Kevin Mandolese,87381-97135,G,Kevin,Kevin Mandolese,Mandolese,17.33333333,3,6500,DET@OTT,OTT,DET,,,,,,G
3074955622,87381-263032167,$500 Mon NHL Five Hole (150 Entries Max),87381-41391,87381-58878,87381-41392,87381-8640,87381-113276,87381-14457,87381-82800,87381-97022,87381-103202,,87381-180077:Matt Murray,87381-180077,G,Matt,Matt Murray,Murray,0,1,6500,VAN@DAL,DAL,VAN,,,,,,G
3074955624,87381-263032167,$500 Mon NHL Five Hole (150 Entries Max),87381-101993,87381-8175,87381-13657,87381-59218,87381-11365,87381-13472,87381-43093,87381-97022,87381-103202,,87381-97134:Olivier Rodrigue,87381-97134,G,Olivier,Olivier Rodrigue,Rodrigue,,,6500,BOS@EDM,EDM,BOS,,,,,,G
3074955625,87381-263032167,$500 Mon NHL Five Hole (150 Entries Max),87381-39990,87381-41391,87381-43135,87381-8763,87381-13472,87381-42862,87381-70279,87381-70927,87381-103202,,87381-180201:Andrew Oke,87381-180201,G,Andrew,Andrew Oke,Oke,,,6500,DET@OTT,DET,OTT,,,,,,G
3074955627,87381-263032167,$500 Mon NHL Five Hole (150 Entries Max),87381-64102,87381-65970,87381-14151,87381-60686,87381-12460,87381-41394,87381-8175,87381-8176,87381-66612,,87381-171491:Andrei Kuzmenko,87381-171491,W,Andrei,Andrei Kuzmenko,Kuzmenko,12.35689676,58,6400,VAN@DAL,VAN,DAL,,,,,,W/UTIL
3074955628,87381-263032167,$500 Mon NHL Five Hole (150 Entries Max),87381-16969,87381-41391,87381-74155,87381-82156,87381-41394,87381-97129,87381-41592,87381-62445,87381-103202,,87381-70483:Artturi Lehkonen,87381-70483,W,Artturi,Artturi Lehkonen,Lehkonen,12.06111089,54,6400,VGK@COL,COL,VGK,,,,,,W/UTIL
3074955629,87381-263032167,$500 Mon NHL Five Hole (150 Entries Max),87381-159629,87381-41391,87381-14473,87381-96777,87381-11365,87381-13981,87381-8175,87381-73909,87381-103202,,87381-42910:Darnell Nurse,87381-42910,D,Darnell,Darnell Nurse,Nurse,11.56833293,60,6400,BOS@EDM,EDM,BOS,,,,,,D/UTIL
3074955630,87381-263032167,$500 Mon NHL Five Hole (150 Entries Max),87381-148101,87381-41391,87381-42922,87381-43135,87381-73909,87381-8466,87381-62788,87381-8615,87381-15400,,87381-128506:Trevor Zegras,87381-128506,C,Trevor,Trevor Zegras,Zegras,12.42333374,60,6300,CHI@ANH,ANH,CHI,,,,,,C/UTIL
3074955631,87381-263032167,$500 Mon NHL Five Hole (150 Entries Max),87381-41391,87381-70279,87381-151490,87381-41392,87381-11365,87381-8878,87381-43135,87381-8640,87381-103202,,87381-39464:Hampus Lindholm,87381-39464,D,Hampus,Hampus Lindholm,Lindholm,11.36379268,58,6300,BOS@EDM,BOS,EDM,,,,,,D/UTIL
3074955632,87381-263032167,$500 Mon NHL Five Hole (150 Entries Max),87381-159629,87381-41391,87381-13612,87381-70483,87381-70199,87381-84410,87381-8967,87381-8640,87381-103202,,87381-113276:Moritz Seider,87381-113276,D,Moritz,Moritz Seider,Seider,11.01724138,58,6300,DET@OTT,DET,OTT,,,,,,D/UTIL
3074955633,87381-263032167,$500 Mon NHL Five Hole (150 Entries Max),87381-128506,87381-159629,87381-59218,87381-82120,87381-42910,87381-42962,87381-8176,87381-97022,87381-103202,,87381-13981:Tyson Barrie,87381-13981,D,Tyson,Tyson Barrie,Barrie,11.40666707,60,6200,BOS@EDM,EDM,BOS,,,,,,D/UTIL
3074955634,87381-263032167,$500 Mon NHL Five Hole (150 Entries Max),87381-39990,87381-41391,87381-74155,87381-97022,87381-13981,87381-41394,87381-70279,87381-82909,87381-103202,,87381-8176:David Krejci,87381-8176,C,David,David Krejci,Krejci,11.40555601,54,6200,BOS@EDM,BOS,EDM,,,,,,C/UTIL
3074955635,87381-263032167,$500 Mon NHL Five Hole (150 Entries Max),87381-41391,87381-41592,87381-13612,87381-73970,87381-12460,87381-82174,87381-62445,87381-8539,87381-103202,,87381-82174:Miro Heiskanen,87381-82174,D,Miro,Miro Heiskanen,Heiskanen,12.49321993,59,6100,VAN@DAL,DAL,VAN,,,,,,D/UTIL
3074955636,87381-263032167,$500 Mon NHL Five Hole (150 Entries Max),87381-159629,87381-64100,87381-59142,87381-59218,87381-13472,87381-15302,87381-41394,87381-8682,87381-103202,,87381-41592:Max Domi,87381-41592,C,Max,Max Domi,Domi,12.08275841,58,6100,CHI@ANH,CHI,ANH,,,,,,C/UTIL
3074955637,87381-263032167,$500 Mon NHL Five Hole (150 Entries Max),87381-41391,87381-41592,87381-42922,87381-43139,87381-42908,87381-74016,87381-70279,87381-8878,87381-103202,,87381-62445:Evan Rodrigues,87381-62445,C,Evan,Evan Rodrigues,Rodrigues,11.0608693,46,6000,VGK@COL,COL,VGK,,,,,,C/UTIL
3074955638,87381-263032167,$500 Mon NHL Five Hole (150 Entries Max),87381-148186,87381-41391,87381-41392,87381-43139,87381-21935,87381-43093,87381-82909,87381-82190,87381-82115,,87381-113272:Bowen Byram,87381-113272,D,Bowen,Bowen Byram,Byram,11.34210526,19,5900,VGK@COL,COL,VGK,,,,,,D/UTIL
3074955639,87381-263032167,$500 Mon NHL Five Hole (150 Entries Max),87381-142017,87381-58331,87381-61549,87381-70922,87381-12460,87381-43093,87381-66606,87381-74155,87381-66612,,87381-21689:Reilly Smith,87381-21689,W,Reilly,Reilly Smith,Smith,11.46271166,59,5800,VGK@COL,VGK,COL,,,,,,W/UTIL
3074955640,87381-263032167,$500 Mon NHL Five Hole (150 Entries Max),87381-41391,87381-62927,87381-13612,87381-70483,87381-41394,87381-74016,87381-70927,87381-74155,87381-103202,,87381-70199:Devon Toews,87381-70199,D,Devon,Devon Toews,Toews,10.86909069,55,5800,VGK@COL,COL,VGK,,,,,,D/UTIL
3074955641,87381-263032167,$500 Mon NHL Five Hole (150 Entries Max),87381-65970,87381-8176,87381-13612,87381-14473,87381-43093,87381-73909,87381-97098,87381-59218,87381-103202,,87381-70279:J.T. Compher,87381-70279,C,J.T.,J.T. Compher,Compher,11.54035066,57,5800,VGK@COL,COL,VGK,,,,,,C/UTIL
3074955642,87381-263032167,$500 Mon NHL Five Hole (150 Entries Max),87381-159629,87381-41391,87381-43135,87381-74155,87381-41394,87381-74016,87381-62157,87381-70279,87381-103202,,87381-12410:Taylor Hall,87381-12410,W,Taylor,Taylor Hall,Hall,10.96551724,58,5700,BOS@EDM,BOS,EDM,,,,,,W/UTIL
3074955644,87381-263032167,$500 Mon NHL Five Hole (150 Entries Max),87381-41391,87381-41592,87381-70925,87381-8640,87381-113276,87381-12793,87381-70279,87381-8682,87381-103202,,87381-74016:Filip Hronek,87381-74016,D,Filip,Filip Hronek,Hronek,10.68103448,58,5700,DET@OTT,DET,OTT,,,,,,D/UTIL
3074955646,87381-263032167,$500 Mon NHL Five Hole (150 Entries Max),87381-142017,87381-41391,87381-21689,87381-39234,87381-41394,87381-9036,87381-74155,87381-82120,87381-15400,,87381-42839:Chandler Stephenson,87381-42839,C,Chandler,Chandler Stephenson,Stephenson,11.2677964,59,5700,VGK@COL,VGK,COL,,,,,,C/UTIL
3074955648,87381-263032167,$500 Mon NHL Five Hole (150 Entries Max),87381-148101,87381-41391,87381-66601,87381-8640,87381-23035,87381-70199,87381-42839,87381-65970,87381-15400,,87381-79857:Brock Boeser,87381-79857,W,Brock,Brock Boeser,Boeser,10.994231,52,5700,VAN@DAL,VAN,DAL,,,,,,W/UTIL
3074955650,87381-263032167,$500 Mon NHL Five Hole (150 Entries Max),87381-159629,87381-161910,87381-14473,87381-14563,87381-13742,87381-66606,87381-82174,87381-59218,87381-103202,,87381-61549:Frank Vatrano,87381-61549,W,Frank,Frank Vatrano,Vatrano,10.96166687,60,5600,CHI@ANH,ANH,CHI,,,,,,W/UTIL
3074955652,87381-263032167,$500 Mon NHL Five Hole (150 Entries Max),87381-128506,87381-41391,87381-13612,87381-41392,87381-42924,87381-74016,87381-58878,87381-43135,87381-103202,,87381-12843:Adam Henrique,87381-12843,W,Adam,Adam Henrique,Henrique,10.70350834,57,5500,CHI@ANH,ANH,CHI,IR,Lower body,,,,W/UTIL
3074955653,87381-263032167,$500 Mon NHL Five Hole (150 Entries Max),87381-41391,87381-41592,87381-43139,87381-74155,87381-66759,87381-8878,87381-70279,87381-8294,87381-103202,,87381-42922:Dominik Kubalik,87381-42922,W,Dominik,Dominik Kubalik,Kubalik,10.63859692,57,5500,DET@OTT,DET,OTT,,,,,,W/UTIL
3074955655,87381-263032167,$500 Mon NHL Five Hole (150 Entries Max),87381-41391,87381-62445,87381-13612,87381-59142,87381-41394,87381-73909,87381-8176,87381-61245,87381-103202,,87381-39990:William Karlsson,87381-39990,C,William,William Karlsson,Karlsson,10.0542375,59,5300,VGK@COL,VGK,COL,,,,,,C/UTIL
3074955657,87381-263032167,$500 Mon NHL Five Hole (150 Entries Max),87381-41391,87381-82909,87381-21689,87381-59142,87381-70199,87381-74016,87381-8556,87381-8682,87381-103202,,87381-12460:Cam Fowler,87381-12460,D,Cam,Cam Fowler,Fowler,9.553333537,60,5300,CHI@ANH,ANH,CHI,,,,,,D/UTIL
3074955659,87381-263032167,$500 Mon NHL Five Hole (150 Entries Max),87381-41391,87381-41592,87381-41392,87381-74155,87381-13981,87381-54194,87381-97128,87381-82800,87381-103202,,87381-8640:David Perron,87381-8640,W,David,David Perron,Perron,10.55689634,58,5300,DET@OTT,DET,OTT,,,,,,W/UTIL
3074955661,87381-263032167,$500 Mon NHL Five Hole (150 Entries Max),87381-41391,87381-70279,87381-43135,87381-73970,87381-12460,87381-43093,87381-74016,87381-97153,87381-103202,,87381-12417:Tyler Seguin,87381-12417,C,Tyler,Tyler Seguin,Seguin,10.45084704,59,5200,VAN@DAL,DAL,VAN,,,,,,C/UTIL
3074955662,87381-263032167,$500 Mon NHL Five Hole (150 Entries Max),87381-23928,87381-41391,87381-39234,87381-97022,87381-82174,87381-97129,87381-8175,87381-8176,87381-103202,,87381-142019:Jake Sanderson,87381-142019,D,Jake,Jake Sanderson,Sanderson,8.813207662,53,5100,DET@OTT,OTT,DET,,,,,,D/UTIL
3074955664,87381-263032167,$500 Mon NHL Five Hole (150 Entries Max),87381-41391,87381-41592,87381-43139,87381-74155,87381-66759,87381-70199,87381-84116,87381-8682,87381-103202,,87381-8254:Jonathan Toews,87381-8254,C,Jonathan,Jonathan Toews,Toews,9.71956535,46,5000,CHI@ANH,CHI,ANH,IR,Illness,,,,C/UTIL
3074955666,87381-263032167,$500 Mon NHL Five Hole (150 Entries Max),87381-128506,87381-159629,87381-13657,87381-43135,87381-41394,87381-66606,87381-8176,87381-59218,87381-103202,,87381-14457:John Klingberg,87381-14457,D,John,John Klingberg,Klingberg,8.997959059,49,5000,CHI@ANH,ANH,CHI,,,,,,D/UTIL
3074955668,87381-263032167,$500 Mon NHL Five Hole (150 Entries Max),87381-41391,87381-65970,87381-59142,87381-8763,87381-13981,87381-54194,87381-70199,87381-96777,87381-103202,,87381-13612:Tyler Johnson,87381-13612,W,Tyler,Tyler Johnson,Johnson,9.6875,32,5000,CHI@ANH,CHI,ANH,,,,,,W/UTIL
3074955669,87381-263032167,$500 Mon NHL Five Hole (150 Entries Max),87381-128506,87381-159629,87381-59218,87381-74076,87381-21935,87381-39464,87381-66759,87381-82156,87381-103202,,87381-58883:Robby Fabbri,87381-58883,W,Robby,Robby Fabbri,Fabbri,9.431818182,22,5000,DET@OTT,DET,OTT,,,,,,W/UTIL
3074955671,87381-263032167,$500 Mon NHL Five Hole (150 Entries Max),87381-41391,87381-41592,87381-151490,87381-74155,87381-41394,87381-8967,87381-62445,87381-85571,87381-103202,,87381-79877:Jake Walman,87381-79877,D,Jake,Jake Walman,Walman,9.305128049,39,4900,DET@OTT,DET,OTT,,,,,,D/UTIL
3074955673,87381-263032167,$500 Mon NHL Five Hole (150 Entries Max),87381-12417,87381-159629,87381-59218,87381-8763,87381-42908,87381-70199,87381-62157,87381-73909,87381-103202,,87381-73909:Samuel Girard,87381-73909,D,Samuel,Samuel Girard,Girard,8.966666427,51,4900,VGK@COL,COL,VGK,,,,,,D/UTIL
3074955674,87381-263032167,$500 Mon NHL Five Hole (150 Entries Max),87381-12417,87381-42839,87381-41392,87381-59218,87381-39264,87381-73909,87381-70279,87381-8466,87381-103202,,87381-66790:Mason Marchment,87381-66790,W,Mason,Mason Marchment,Marchment,8.218643964,59,4900,VAN@DAL,DAL,VAN,,,,,,W/UTIL
3074955677,87381-263032167,$500 Mon NHL Five Hole (150 Entries Max),87381-12417,87381-41391,87381-70483,87381-82156,87381-21935,87381-41394,87381-41592,87381-42962,87381-103202,,87381-142018:Lucas Raymond,87381-142018,W,Lucas,Lucas Raymond,Raymond,9.884000244,50,4900,DET@OTT,DET,OTT,IR,Lower body,,,,W/UTIL
3074955678,87381-263032167,$500 Mon NHL Five Hole (150 Entries Max),87381-62157,87381-8175,87381-59218,87381-8640,87381-41394,87381-73909,87381-97128,87381-97153,87381-103202,,87381-159629:Mason McTavish,87381-159629,C,Mason,Mason McTavish,McTavish,9.552541959,59,4900,CHI@ANH,ANH,CHI,,,,,,C/UTIL
3074955680,87381-263032167,$500 Mon NHL Five Hole (150 Entries Max),87381-41391,87381-42839,87381-59142,87381-70483,87381-142019,87381-66606,87381-62157,87381-64100,87381-15400,,87381-66622:Conor Garland,87381-66622,W,Conor,Conor Garland,Garland,9.108620479,58,4800,VAN@DAL,VAN,DAL,,,,,,W/UTIL
3074955682,87381-263032167,$500 Mon NHL Five Hole (150 Entries Max),87381-41592,87381-97128,87381-59127,87381-59218,87381-41394,87381-82005,87381-8651,87381-74155,87381-103202,,87381-13472:Dmitry Orlov,87381-13472,D,Dmitry,Dmitry Orlov,Orlov,8.900000139,44,4800,BOS@EDM,BOS,EDM,,,,,,D/UTIL
3074955805,87381-263032178,$800 Mon NHL Deflection ($0.25 to Enter),87381-135689,87381-142017,87381-14473,87381-59218,87381-12460,87381-66759,87381-148186,87381-8682,87381-103202,,87381-54481:Jake McCabe,87381-54481,D,Jake,Jake McCabe,McCabe,8.349091131,55,4800,CHI@ANH,CHI,ANH,,,,,,D/UTIL
3074955808,87381-263032178,$800 Mon NHL Deflection ($0.25 to Enter),87381-148186,87381-70279,87381-14473,87381-59218,87381-11365,87381-135674,87381-66759,87381-70483,87381-103202,,87381-65970:Pavel Zacha,87381-65970,C,Pavel,Pavel Zacha,Zacha,9.260344407,58,4800,BOS@EDM,BOS,EDM,,,,,,C/UTIL
3074955812,87381-263032178,$800 Mon NHL Deflection ($0.25 to Enter),87381-41391,87381-8175,87381-59142,87381-8763,87381-13472,87381-23035,87381-97128,87381-73909,87381-103202,,87381-104140:Ilya Mikheyev,87381-104140,W,Ilya,Ilya Mikheyev,Mikheyev,9.684782609,46,4800,VAN@DAL,VAN,DAL,IR,Knee,,,,W/UTIL
3074955815,87381-263032178,$800 Mon NHL Deflection ($0.25 to Enter),87381-62788,87381-97128,87381-59218,87381-74155,87381-13742,87381-42962,87381-70199,87381-8640,87381-103202,,87381-11365:Kevin Shattenkirk,87381-11365,D,Kevin,Kevin Shattenkirk,Shattenkirk,8.490566038,53,4700,CHI@ANH,ANH,CHI,,,,,,D/UTIL
3074955818,87381-263032178,$800 Mon NHL Deflection ($0.25 to Enter),87381-41391,87381-70279,87381-37968,87381-74155,87381-42908,87381-74016,87381-97129,87381-8640,87381-103202,,87381-13742:Ben Chiarot,87381-13742,D,Ben,Ben Chiarot,Chiarot,8.66206886,58,4700,DET@OTT,DET,OTT,,,,,,D/UTIL
3074955820,87381-263032178,$800 Mon NHL Deflection ($0.25 to Enter),87381-41391,87381-70279,87381-59142,87381-70483,87381-13981,87381-42910,87381-8294,87381-97022,87381-15400,,87381-16969:Charlie Coyle,87381-16969,C,Charlie,Charlie Coyle,Coyle,8.91724159,58,4700,BOS@EDM,BOS,EDM,,,,,,C/UTIL
3074955823,87381-263032178,$800 Mon NHL Deflection ($0.25 to Enter),87381-62157,87381-64102,87381-59142,87381-74076,87381-12460,87381-39464,87381-8175,87381-8176,87381-66612,,87381-8967:Alec Martinez,87381-8967,D,Alec,Alec Martinez,Martinez,8.043636253,55,4700,VGK@COL,VGK,COL,,,,,,D/UTIL
3074955826,87381-263032178,$800 Mon NHL Deflection ($0.25 to Enter),87381-161910,87381-41391,87381-21689,87381-59142,87381-39464,87381-70199,87381-8175,87381-8539,87381-15400,,87381-43139:Andreas Athanasiou,87381-43139,W,Andreas,Andreas Athanasiou,Athanasiou,7.821052417,57,4600,CHI@ANH,CHI,ANH,,,,,,W/UTIL
3074955830,87381-263032178,$800 Mon NHL Deflection ($0.25 to Enter),87381-39990,87381-41391,87381-41392,87381-97022,87381-54194,87381-74016,87381-42839,87381-82193,87381-103202,,87381-147769:Daniil Miromanov,87381-147769,D,Daniil,Daniil Miromanov,Miromanov,8.107142857,14,4600,VGK@COL,VGK,COL,,,,,,D/UTIL
3074955831,87381-263032178,$800 Mon NHL Deflection ($0.25 to Enter),87381-39990,87381-41391,87381-151490,87381-41392,87381-41394,87381-73909,87381-62157,87381-82193,87381-103202,,87381-54575:Esa Lindell,87381-54575,D,Esa,Esa Lindell,Lindell,8.061017053,59,4500,VAN@DAL,DAL,VAN,,,,,,D/UTIL
3074955834,87381-263032178,$800 Mon NHL Deflection ($0.25 to Enter),87381-148186,87381-39990,87381-59127,87381-8682,87381-43093,87381-70199,87381-41391,87381-41592,87381-15400,,87381-148186:Shane Pinto,87381-148186,C,Shane,Shane Pinto,Pinto,8.294827691,58,4500,DET@OTT,OTT,DET,,,,,,C/UTIL
3074955837,87381-263032178,$800 Mon NHL Deflection ($0.25 to Enter),87381-148101,87381-148186,87381-43139,87381-61245,87381-13981,87381-41394,87381-41391,87381-70483,87381-103202,,87381-9036:Travis Hamonic,87381-9036,D,Travis,Travis Hamonic,Hamonic,7.441379416,58,4500,DET@OTT,OTT,DET,,,,,,D/UTIL
3074955839,87381-263032178,$800 Mon NHL Deflection ($0.25 to Enter),87381-159629,87381-41592,87381-37968,87381-59218,87381-39264,87381-41394,87381-97128,87381-97022,87381-103202,,87381-43014:William Carrier,87381-43014,W,William,William Carrier,Carrier,8.875471583,53,4400,VGK@COL,VGK,COL,,,,,,W/UTIL
3074955842,87381-263032178,$800 Mon NHL Deflection ($0.25 to Enter),87381-148101,87381-41391,87381-59142,87381-74155,87381-66606,87381-70199,87381-62788,87381-70912,87381-15400,,87381-68655:Matt Grzelcyk,87381-68655,D,Matt,Matt Grzelcyk,Grzelcyk,7.362963076,54,4400,BOS@EDM,BOS,EDM,,,,,,D/UTIL
3074955844,87381-263032178,$800 Mon NHL Deflection ($0.25 to Enter),87381-12417,87381-41391,87381-39234,87381-41392,87381-11365,87381-12460,87381-142019,87381-74155,87381-103202,,87381-66686:Anthony Beauvillier,87381-66686,W,Anthony,Anthony Beauvillier,Beauvillier,8.891666667,60,4400,VAN@DAL,VAN,DAL,,,,,,W/UTIL
3074955845,87381-263032178,$800 Mon NHL Deflection ($0.25 to Enter),87381-41391,87381-62157,87381-151490,87381-59142,87381-13981,87381-73909,87381-74016,87381-8615,87381-103202,,87381-43135:Tyler Bertuzzi,87381-43135,W,Tyler,Tyler Bertuzzi,Bertuzzi,8.714814928,27,4400,DET@OTT,DET,OTT,,,,,,W/UTIL
3074955846,87381-263032178,$800 Mon NHL Deflection ($0.25 to Enter),87381-41391,87381-41592,87381-43135,87381-66790,87381-148102,87381-73909,87381-70279,87381-74016,87381-103202,,87381-74155:Taylor Raddysh,87381-74155,W,Taylor,Taylor Raddysh,Raddysh,7.727586417,58,4400,CHI@ANH,CHI,ANH,,,,,,W/UTIL
3074955847,87381-263032178,$800 Mon NHL Deflection ($0.25 to Enter),87381-148101,87381-41391,87381-43139,87381-74155,87381-12793,87381-70199,87381-82190,87381-8640,87381-103202,,87381-12793:Brayden McNabb,87381-12793,D,Brayden,Brayden McNabb,McNabb,7.701694812,59,4400,VGK@COL,VGK,COL,,,,,,D/UTIL
3074955848,87381-263032178,$800 Mon NHL Deflection ($0.25 to Enter),87381-16969,87381-23928,87381-8682,87381-8763,87381-148102,87381-66759,87381-64102,87381-8175,87381-66612,,87381-97129:Evan Bouchard,87381-97129,D,Evan,Evan Bouchard,Bouchard,7.714999898,60,4400,BOS@EDM,EDM,BOS,,,,,,D/UTIL
3074955849,87381-263032178,$800 Mon NHL Deflection ($0.25 to Enter),87381-148186,87381-41391,87381-41392,87381-61549,87381-13472,87381-42924,87381-70279,87381-74155,87381-103202,,87381-97184:Josh Norris,87381-97184,C,Josh,Josh Norris,Norris,8.199999809,8,4400,DET@OTT,OTT,DET,IR,Shoulder,,,,C/UTIL
3074955850,87381-263032178,$800 Mon NHL Deflection ($0.25 to Enter),87381-41391,87381-41592,87381-73970,87381-8682,87381-42924,87381-82174,87381-62445,87381-62788,87381-15400,,87381-82051:Michael Rasmussen,87381-82051,C,Michael,Michael Rasmussen,Rasmussen,8.450000105,58,4300,DET@OTT,DET,OTT,O,Lower body,,,,C/UTIL
3074955851,87381-263032178,$800 Mon NHL Deflection ($0.25 to Enter),87381-23928,87381-62788,87381-14473,87381-59218,87381-23035,87381-41394,87381-74016,87381-74155,87381-103202,,87381-148101:Alex Newhook,87381-148101,C,Alex,Alex Newhook,Newhook,6.956140351,57,4300,VGK@COL,COL,VGK,,,,,,C/UTIL
3074955852,87381-263032178,$800 Mon NHL Deflection ($0.25 to Enter),87381-41391,87381-58878,87381-43135,87381-73885,87381-10842,87381-39464,87381-73909,87381-8640,87381-103202,,87381-97022:Philipp Kurashev,87381-97022,W,Philipp,Philipp Kurashev,Kurashev,7.206896552,58,4300,CHI@ANH,CHI,ANH,,,,,,W/UTIL
3074955853,87381-263032178,$800 Mon NHL Deflection ($0.25 to Enter),87381-142017,87381-23928,87381-43135,87381-70483,87381-21935,87381-73909,87381-41391,87381-74016,87381-15400,,87381-82796:Sam Lafferty,87381-82796,C,Sam,Sam Lafferty,Lafferty,7.537254782,51,4300,CHI@ANH,CHI,ANH,O,Not injury related,,,,C/UTIL
3074955854,87381-263032178,$800 Mon NHL Deflection ($0.25 to Enter),87381-161910,87381-41391,87381-37968,87381-41392,87381-113276,87381-42924,87381-70279,87381-85571,87381-15400,,87381-12244:Oliver Ekman-Larsson,87381-12244,D,Oliver,Oliver Ekman-Larsson,Ekman-Larsson,7.422221996,54,4300,VAN@DAL,VAN,DAL,IR,Ankle,,,,D/UTIL
3074955855,87381-263032178,$800 Mon NHL Deflection ($0.25 to Enter),87381-161910,87381-65970,87381-59218,87381-8556,87381-152482,87381-21935,87381-66759,87381-8640,87381-103202,,87381-15386:Ryan Strome,87381-15386,C,Ryan,Ryan Strome,Strome,7.718333435,60,4200,CHI@ANH,ANH,CHI,,,,,,C/UTIL
3074955856,87381-263032178,$800 Mon NHL Deflection ($0.25 to Enter),87381-161910,87381-42839,87381-43135,87381-59218,87381-23035,87381-43093,87381-65970,87381-70199,87381-103202,,87381-66635:Ethan Bear,87381-66635,D,Ethan,Ethan Bear,Bear,6.758333206,48,4200,VAN@DAL,VAN,DAL,IR,Upper body,,,,D/UTIL
3074955857,87381-263032178,$800 Mon NHL Deflection ($0.25 to Enter),87381-101993,87381-41391,87381-13612,87381-70483,87381-42862,87381-42908,87381-41592,87381-66759,87381-103202,,87381-82177:Connor Clifton,87381-82177,D,Connor,Connor Clifton,Clifton,6.905263265,57,4200,BOS@EDM,BOS,EDM,,,,,,D/UTIL
3074955859,87381-263032178,$800 Mon NHL Deflection ($0.25 to Enter),87381-12417,87381-16969,87381-41392,87381-82120,87381-41394,87381-73909,87381-41391,87381-65970,87381-15400,,87381-74076:Warren Foegele,87381-74076,W,Warren,Warren Foegele,Foegele,7.777777778,45,4200,BOS@EDM,EDM,BOS,,,,,,W/UTIL
3074955860,87381-263032178,$800 Mon NHL Deflection ($0.25 to Enter),87381-148101,87381-161910,87381-59218,87381-66716,87381-13472,87381-41394,87381-8175,87381-73909,87381-103202,,87381-54822:Jason Dickinson,87381-54822,C,Jason,Jason Dickinson,Dickinson,7.705555669,54,4200,CHI@ANH,CHI,ANH,,,,,,C/UTIL
3074955861,87381-263032178,$800 Mon NHL Deflection ($0.25 to Enter),87381-148101,87381-41391,87381-70483,87381-74155,87381-42910,87381-82005,87381-41592,87381-8682,87381-103202,,87381-8878:Dmitry Kulikov,87381-8878,D,Dmitry,Dmitry Kulikov,Kulikov,7,60,4200,CHI@ANH,ANH,CHI,,,,,,D/UTIL
3074955862,87381-263032178,$800 Mon NHL Deflection ($0.25 to Enter),87381-41391,87381-65970,87381-41392,87381-43139,87381-42962,87381-82174,87381-70279,87381-73970,87381-103202,,87381-151490:Jonatan Berggren,87381-151490,W,Jonatan,Jonatan Berggren,Berggren,7.818181818,44,4200,DET@OTT,DET,OTT,,,,,,W/UTIL
3074955863,87381-263032178,$800 Mon NHL Deflection ($0.25 to Enter),87381-148101,87381-41391,87381-41392,87381-8640,87381-113276,87381-148102,87381-82174,87381-8682,87381-15400,,87381-66678:Nicolas Roy,87381-66678,C,Nicolas,Nicolas Roy,Roy,7.911111337,54,4100,VGK@COL,VGK,COL,O,Lower body,,,,C/UTIL
3074955864,87381-263032178,$800 Mon NHL Deflection ($0.25 to Enter),87381-41391,87381-80286,87381-21689,87381-8640,87381-13742,87381-74016,87381-8682,87381-97153,87381-15400,,87381-14473:Jakob Silfverberg,87381-14473,W,Jakob,Jakob Silfverberg,Silfverberg,6.805084746,59,4100,CHI@ANH,ANH,CHI,,,,,,W/UTIL
3074955865,87381-263032178,$800 Mon NHL Deflection ($0.25 to Enter),87381-148186,87381-41391,87381-12609,87381-43139,87381-74016,87381-82800,87381-70279,87381-97153,87381-15400,,87381-66716:Mathieu Joseph,87381-66716,W,Mathieu,Mathieu Joseph,Joseph,5.974358974,39,4100,DET@OTT,OTT,DET,,,,,,W/UTIL
3074955866,87381-263032178,$800 Mon NHL Deflection ($0.25 to Enter),87381-41391,87381-70279,87381-66716,87381-70483,87381-11365,87381-37883,87381-74016,87381-8640,87381-103202,,87381-70927:Trent Frederic,87381-70927,C,Trent,Trent Frederic,Frederic,7.410909202,55,4100,BOS@EDM,BOS,EDM,,,,,,C/UTIL
3074955867,87381-263032178,$800 Mon NHL Deflection ($0.25 to Enter),87381-12417,87381-23928,87381-66716,87381-8763,87381-39464,87381-70912,87381-64102,87381-97128,87381-66612,,87381-8682:Phil Kessel,87381-8682,W,Phil,Phil Kessel,Kessel,7.711864407,59,4100,VGK@COL,VGK,COL,,,,,,W/UTIL
3074955868,87381-263032178,$800 Mon NHL Deflection ($0.25 to Enter),87381-23928,87381-41592,87381-13657,87381-59218,87381-12460,87381-39464,87381-97140,87381-8763,87381-103202,,87381-8688:Luke Schenn,87381-8688,D,Luke,Luke Schenn,Schenn,7.679999889,55,4100,VAN@DAL,VAN,DAL,O,Not injury related,,,,D/UTIL
3074955869,87381-263032178,$800 Mon NHL Deflection ($0.25 to Enter),87381-12417,87381-148101,87381-41392,87381-43139,87381-66759,87381-9036,87381-41391,87381-70922,87381-103202,,87381-62157:Andrew Copp,87381-62157,C,Andrew,Andrew Copp,Copp,7.83275841,58,4100,DET@OTT,DET,OTT,,,,,,C/UTIL
3074955870,87381-263032178,$800 Mon NHL Deflection ($0.25 to Enter),87381-161910,87381-41391,87381-13612,87381-37968,87381-13742,87381-21935,87381-73909,87381-8986,87381-103202,,87381-54194:Josh Manson,87381-54194,D,Josh,Josh Manson,Manson,8,25,4100,VGK@COL,COL,VGK,,,,,,D/UTIL
3074955871,87381-263032178,$800 Mon NHL Deflection ($0.25 to Enter),87381-148101,87381-41391,87381-82912,87381-8640,87381-66759,87381-97129,87381-62157,87381-62445,87381-82115,,87381-82005:Nicolas Hague,87381-82005,D,Nicolas,Nicolas Hague,Hague,6.537931245,58,4000,VGK@COL,VGK,COL,,,,,,D/UTIL
3074955872,87381-263032178,$800 Mon NHL Deflection ($0.25 to Enter),87381-65970,87381-70279,87381-59218,87381-74155,87381-70199,87381-84410,87381-8878,87381-8763,87381-103202,,87381-161910:Wyatt Johnston,87381-161910,C,Wyatt,Wyatt Johnston,Johnston,7.961017156,59,4000,VAN@DAL,DAL,VAN,,,,,,C/UTIL
3074955874,87381-263032178,$800 Mon NHL Deflection ($0.25 to Enter),87381-41391,87381-41592,87381-13612,87381-70925,87381-113276,87381-82800,87381-70279,87381-8176,87381-15400,,87381-84116:Erik Brannstrom,87381-84116,D,Erik,Erik Brannstrom,Brannstrom,5.267924759,53,4000,DET@OTT,OTT,DET,,,,,,D/UTIL
3074955875,87381-263032178,$800 Mon NHL Deflection ($0.25 to Enter),87381-142017,87381-159629,87381-21689,87381-73970,87381-39464,87381-8967,87381-64102,87381-97129,87381-66612,,87381-39234:Matt Nieto,87381-39234,W,Matt,Matt Nieto,Nieto,6.680357252,56,4000,VGK@COL,COL,VGK,,,,,,W/UTIL
3074955876,87381-263032178,$800 Mon NHL Deflection ($0.25 to Enter),87381-128506,87381-64102,87381-61549,87381-97022,87381-21935,87381-42910,87381-8175,87381-97098,87381-66612,,87381-8539:Nick Foligno,87381-8539,W,Nick,Nick Foligno,Foligno,6.815517031,58,4000,BOS@EDM,BOS,EDM,,,,,,W/UTIL
3074955877,87381-263032178,$800 Mon NHL Deflection ($0.25 to Enter),87381-148101,87381-41391,87381-13612,87381-73885,87381-41394,87381-84410,87381-8466,87381-8986,87381-15400,,87381-59142:Michael Amadio,87381-59142,W,Michael,Michael Amadio,Amadio,6.991111247,45,4000,VGK@COL,VGK,COL,,,,,,W/UTIL
3074955878,87381-263032178,$800 Mon NHL Deflection ($0.25 to Enter),87381-159629,87381-23928,87381-43135,87381-59218,87381-70912,87381-74016,87381-82174,87381-66716,87381-103202,,87381-42862:Olli Maatta,87381-42862,D,Olli,Olli Maatta,Maatta,6.888888889,54,4000,DET@OTT,DET,OTT,,,,,,D/UTIL
3074955879,87381-263032178,$800 Mon NHL Deflection ($0.25 to Enter),87381-41391,87381-41592,87381-41392,87381-66716,87381-135674,87381-66759,87381-42839,87381-82120,87381-15400,,87381-152482:Nils Lundkvist,87381-152482,D,Nils,Nils Lundkvist,Lundkvist,7.15192296,52,4000,VAN@DAL,DAL,VAN,,,,,,D/UTIL
3074955880,87381-263032178,$800 Mon NHL Deflection ($0.25 to Enter),87381-39990,87381-8294,87381-74155,87381-82170,87381-66759,87381-9036,87381-84409,87381-97022,87381-66612,,87381-42962:Brett Kulak,87381-42962,D,Brett,Brett Kulak,Kulak,7.006666565,60,4000,BOS@EDM,EDM,BOS,,,,,,D/UTIL
3074955881,87381-263032178,$800 Mon NHL Deflection ($0.25 to Enter),87381-41391,87381-62445,87381-12609,87381-8640,87381-73909,87381-84116,87381-8294,87381-97022,87381-15400,,87381-8211:Tyler Myers,87381-8211,D,Tyler,Tyler Myers,Myers,6.157142639,56,3900,VAN@DAL,VAN,DAL,,,,,,D/UTIL
3074955882,87381-263032178,$800 Mon NHL Deflection ($0.25 to Enter),87381-41391,87381-41592,87381-43139,87381-8986,87381-43093,87381-59256,87381-58878,87381-73909,87381-15400,,87381-8294:Derick Brassard,87381-8294,C,Derick,Derick Brassard,Brassard,6.593616891,47,3900,DET@OTT,OTT,DET,,,,,,C/UTIL
3074955883,87381-263032178,$800 Mon NHL Deflection ($0.25 to Enter),87381-41391,87381-42839,87381-73981,87381-74155,87381-41394,87381-70199,87381-62157,87381-8175,87381-15400,,87381-82167:Sheldon Dries,87381-82167,C,Sheldon,Sheldon Dries,Dries,6.809999847,40,3900,VAN@DAL,VAN,DAL,,,,,,C/UTIL
3074955884,87381-263032178,$800 Mon NHL Deflection ($0.25 to Enter),87381-41592,87381-64102,87381-13657,87381-82912,87381-39464,87381-66606,87381-97096,87381-8763,87381-66612,,87381-60686:Mattias Janmark,87381-60686,W,Mattias,Mattias Janmark,Janmark,6.281818043,44,3900,BOS@EDM,EDM,BOS,,,,,,W/UTIL
3074955885,87381-263032178,$800 Mon NHL Deflection ($0.25 to Enter),87381-39990,87381-41391,87381-41392,87381-70483,87381-21935,87381-41394,87381-97128,87381-74155,87381-82115,,87381-21935:Connor Murphy,87381-21935,D,Connor,Connor Murphy,Murphy,6.586206897,58,3900,CHI@ANH,CHI,ANH,,,,,,D/UTIL
3074955886,87381-263032178,$800 Mon NHL Deflection ($0.25 to Enter),87381-39990,87381-41391,87381-74155,87381-82808,87381-73909,87381-8651,87381-8175,87381-97129,87381-15400,,87381-8647:Erik Johnson,87381-8647,D,Erik,Erik Johnson,Johnson,6.094117408,51,3900,VGK@COL,COL,VGK,IR,Ankle,,,,D/UTIL
3074955887,87381-263032178,$800 Mon NHL Deflection ($0.25 to Enter),87381-142017,87381-148101,87381-43135,87381-74155,87381-70199,87381-82800,87381-41391,87381-41592,87381-15400,,87381-85571:Filip Zadina,87381-85571,W,Filip,Filip Zadina,Zadina,5.458823709,17,3900,DET@OTT,DET,OTT,,,,,,W/UTIL
3074955888,87381-263032178,$800 Mon NHL Deflection ($0.25 to Enter),87381-142017,87381-41391,87381-37968,87381-43135,87381-13742,87381-152482,87381-74016,87381-97153,87381-82115,,87381-10842:Nick Holden,87381-10842,D,Nick,Nick Holden,Holden,5.367999878,50,3900,DET@OTT,OTT,DET,,,,,,D/UTIL
3074955889,87381-263032178,$800 Mon NHL Deflection ($0.25 to Enter),87381-142017,87381-41391,87381-39234,87381-74155,87381-74016,87381-8466,87381-62445,87381-8640,87381-15400,,87381-58985:Jakub Vrana,87381-58985,W,Jakub,Jakub Vrana,Vrana,8.199999809,4,3900,DET@OTT,DET,OTT,,,,,,W/UTIL
3074955890,87381-263032178,$800 Mon NHL Deflection ($0.25 to Enter),87381-148101,87381-41391,87381-12609,87381-8682,87381-135674,87381-9036,87381-41592,87381-70279,87381-15400,,87381-146132:Ridly Greig,87381-146132,C,Ridly,Ridly Greig,Greig,6.027273005,11,3900,DET@OTT,OTT,DET,,,,,,C/UTIL
3074955891,87381-263032178,$800 Mon NHL Deflection ($0.25 to Enter),87381-142017,87381-41391,87381-43135,87381-8640,87381-74016,87381-8466,87381-62445,87381-82167,87381-15400,,87381-59127:Garnet Hathaway,87381-59127,W,Garnet,Garnet Hathaway,Hathaway,6.333333333,60,3900,BOS@EDM,BOS,EDM,,,,,,W/UTIL
3074955892,87381-263032178,$800 Mon NHL Deflection ($0.25 to Enter),87381-128506,87381-41592,87381-74155,87381-82120,87381-12460,87381-148102,87381-64102,87381-70199,87381-103202,,87381-97128:Ryan McLeod,87381-97128,C,Ryan,Ryan McLeod,McLeod,6.90212753,47,3900,BOS@EDM,EDM,BOS,,,,,,C/UTIL
3074955893,87381-263032178,$800 Mon NHL Deflection ($0.25 to Enter),87381-148101,87381-148186,87381-41392,87381-73885,87381-82174,87381-97129,87381-41391,87381-82198,87381-15400,,87381-82800:Zach Whitecloud,87381-82800,D,Zach,Zach Whitecloud,Whitecloud,6.27368405,38,3900,VGK@COL,VGK,COL,,,,,,D/UTIL
3074955894,87381-263032178,$800 Mon NHL Deflection ($0.25 to Enter),87381-41391,87381-62445,87381-13612,87381-59142,87381-37883,87381-70912,87381-70927,87381-8763,87381-15400,,87381-97153:Logan O'Connor,87381-97153,W,Logan,Logan O'Connor,O'Connor,6.49122807,57,3900,VGK@COL,COL,VGK,,,,,,W/UTIL
3074955895,87381-263032178,$800 Mon NHL Deflection ($0.25 to Enter),87381-142017,87381-41391,87381-70483,87381-74155,87381-59256,87381-73909,87381-41592,87381-97140,87381-15400,,87381-54193:Phillip Di Giuseppe,87381-54193,W,Phillip,Phillip Di Giuseppe,Di Giuseppe,8.533333672,9,3900,VAN@DAL,VAN,DAL,,,,,,W/UTIL
3074955896,87381-263032178,$800 Mon NHL Deflection ($0.25 to Enter),87381-148186,87381-41391,87381-21689,87381-43135,87381-135674,87381-13981,87381-62445,87381-66759,87381-82115,,87381-66606:Brandon Carlo,87381-66606,D,Brandon,Brandon Carlo,Carlo,6.540740967,54,3800,BOS@EDM,BOS,EDM,,,,,,D/UTIL
3074955897,87381-263032178,$800 Mon NHL Deflection ($0.25 to Enter),87381-41391,87381-41592,87381-41392,87381-79857,87381-21935,87381-23035,87381-65970,87381-70279,87381-15400,,87381-81981:Klim Kostin,87381-81981,W,Klim,Klim Kostin,Kostin,6.12631587,38,3800,BOS@EDM,EDM,BOS,DTD,Illness,,,,W/UTIL
3074955898,87381-263032178,$800 Mon NHL Deflection ($0.25 to Enter),87381-148186,87381-41391,87381-171491,87381-41392,87381-135674,87381-82800,87381-42839,87381-70279,87381-15400,,87381-82120:Kailer Yamamoto,87381-82120,W,Kailer,Kailer Yamamoto,Yamamoto,6.477777693,36,3800,BOS@EDM,EDM,BOS,,,,,,W/UTIL
3074955899,87381-263032178,$800 Mon NHL Deflection ($0.25 to Enter),87381-148186,87381-41391,87381-13612,87381-41392,87381-41394,87381-97098,87381-8294,87381-82190,87381-82115,,87381-43212:Adam Erne,87381-43212,W,Adam,Adam Erne,Erne,6.223255956,43,3800,DET@OTT,DET,OTT,,,,,,W/UTIL
3074955900,87381-263032178,$800 Mon NHL Deflection ($0.25 to Enter),87381-161910,87381-62157,87381-42922,87381-59142,87381-12460,87381-8651,87381-64102,87381-8175,87381-66612,,87381-66798:Guillaume Brisebois,87381-66798,D,Guillaume,Guillaume Brisebois,Brisebois,6.719999695,5,3800,VAN@DAL,VAN,DAL,,,,,,D/UTIL
3074955901,87381-263032178,$800 Mon NHL Deflection ($0.25 to Enter),87381-142017,87381-148186,87381-70922,87381-82912,87381-66759,87381-97129,87381-16969,87381-84409,87381-66612,,87381-39264:Derek Forbort,87381-39264,D,Derek,Derek Forbort,Forbort,6.29787234,47,3800,BOS@EDM,BOS,EDM,,,,,,D/UTIL
3074955903,87381-263032178,$800 Mon NHL Deflection ($0.25 to Enter),87381-41391,87381-65970,87381-82170,87381-8357,87381-21935,87381-97129,87381-70279,87381-8640,87381-15400,,87381-23035:Jani Hakanpaa,87381-23035,D,Jani,Jani Hakanpaa,Hakanpaa,5.97966081,59,3800,VAN@DAL,DAL,VAN,,,,,,D/UTIL
3074955904,87381-263032178,$800 Mon NHL Deflection ($0.25 to Enter),87381-41391,87381-41592,87381-171491,87381-41392,87381-73909,87381-8466,87381-42922,87381-82808,87381-15400,,87381-58878:Oskar Sundqvist,87381-58878,C,Oskar,Oskar Sundqvist,Sundqvist,6.082692073,52,3800,DET@OTT,DET,OTT,,,,,,C/UTIL
3074955906,87381-263032178,$800 Mon NHL Deflection ($0.25 to Enter),87381-12417,87381-41391,87381-13612,87381-8986,87381-10842,87381-82174,87381-62157,87381-62445,87381-15400,,87381-101993:Paul Cotter,87381-101993,C,Paul,Paul Cotter,Cotter,6.346666802,45,3800,VGK@COL,VGK,COL,,,,,,C/UTIL
3074955908,87381-263032178,$800 Mon NHL Deflection ($0.25 to Enter),87381-159629,87381-64102,87381-37968,87381-85571,87381-11365,87381-12460,87381-65970,87381-8763,87381-66612,,87381-148102:Isaak Phillips,87381-148102,D,Isaak,Isaak Phillips,Phillips,4.971428462,14,3800,CHI@ANH,CHI,ANH,,,,,,D/UTIL
3074955909,87381-263032178,$800 Mon NHL Deflection ($0.25 to Enter),87381-148186,87381-41391,87381-66737,87381-8640,87381-66798,87381-70199,87381-82193,87381-97022,87381-15400,,87381-97096:Isac Lundestrom,87381-97096,C,Isac,Isac Lundestrom,Lundestrom,5.815384694,39,3800,CHI@ANH,ANH,CHI,,,,,,C/UTIL
3074955910,87381-263032178,$800 Mon NHL Deflection ($0.25 to Enter),87381-12417,87381-41391,87381-13612,87381-70925,87381-13981,87381-41394,87381-70279,87381-8967,87381-15400,,87381-59269:Robert Hagg,87381-59269,D,Robert,Robert Hagg,Hagg,6.021052712,19,3800,DET@OTT,DET,OTT,,,,,,D/UTIL
3074955911,87381-263032178,$800 Mon NHL Deflection ($0.25 to Enter),87381-142017,87381-8176,87381-14473,87381-59127,87381-11365,87381-14457,87381-66759,87381-82170,87381-66612,,87381-66636:Caleb Jones,87381-66636,D,Caleb,Caleb Jones,Jones,6.365999756,50,3700,CHI@ANH,CHI,ANH,,,,,,D/UTIL
3074955912,87381-263032178,$800 Mon NHL Deflection ($0.25 to Enter),87381-62157,87381-64102,87381-21689,87381-42922,87381-135674,87381-70912,87381-8175,87381-59142,87381-66612,,87381-82193:Pius Suter,87381-82193,C,Pius,Pius Suter,Suter,6.109090909,55,3700,DET@OTT,DET,OTT,,,,,,C/UTIL
3074955914,87381-263032178,$800 Mon NHL Deflection ($0.25 to Enter),87381-41391,87381-62445,87381-41392,87381-74155,87381-84116,87381-97129,87381-80286,87381-97128,87381-15400,,87381-13657:Derek Grant,87381-13657,W,Derek,Derek Grant,Grant,6.299999873,24,3700,CHI@ANH,ANH,CHI,,,,,,W/UTIL
3074955915,87381-263032178,$800 Mon NHL Deflection ($0.25 to Enter),87381-148186,87381-41391,87381-70483,87381-74155,87381-39264,87381-42910,87381-42839,87381-70279,87381-15400,,87381-61860:Ben Hutton,87381-61860,D,Ben,Ben Hutton,Hutton,5.065384498,26,3700,VGK@COL,VGK,COL,,,,,,D/UTIL
3074955917,87381-263032178,$800 Mon NHL Deflection ($0.25 to Enter),87381-159629,87381-64102,87381-14473,87381-85571,87381-14457,87381-39464,87381-80286,87381-74016,87381-66612,,87381-62927:Derek Ryan,87381-62927,C,Derek,Derek Ryan,Ryan,5.689655172,58,3700,BOS@EDM,EDM,BOS,,,,,,C/UTIL
3074955919,87381-263032178,$800 Mon NHL Deflection ($0.25 to Enter),87381-101993,87381-41391,87381-41392,87381-43139,87381-13981,87381-21935,87381-73909,87381-8615,87381-15400,,87381-135666:Nils Hoglander,87381-135666,W,Nils,Nils Hoglander,Hoglander,5.727999878,25,3700,VAN@DAL,VAN,DAL,,,,,,W/UTIL
3074955920,87381-263032178,$800 Mon NHL Deflection ($0.25 to Enter),87381-12417,87381-41391,87381-74155,87381-97153,87381-113276,87381-37883,87381-62788,87381-70279,87381-15400,,87381-135674:Artem Zub,87381-135674,D,Artem,Artem Zub,Zub,5.434482969,29,3700,DET@OTT,OTT,DET,,,,,,D/UTIL
3074955922,87381-263032178,$800 Mon NHL Deflection ($0.25 to Enter),87381-142017,87381-62157,87381-14473,87381-8615,87381-14457,87381-66759,87381-84409,87381-97096,87381-66612,,87381-135677:Ian Mitchell,87381-135677,D,Ian,Ian Mitchell,Mitchell,5.345454476,22,3700,CHI@ANH,CHI,ANH,,,,,,D/UTIL
3074955924,87381-263032178,$800 Mon NHL Deflection ($0.25 to Enter),87381-142017,87381-62157,87381-82912,87381-85571,87381-113276,87381-11365,87381-64102,87381-135674,87381-66612,,87381-96777:Ty Dellandrea,87381-96777,W,Ty,Ty Dellandrea,Dellandrea,6.22372902,59,3700,VAN@DAL,DAL,VAN,,,,,,W/UTIL
3074955925,87381-263032178,$800 Mon NHL Deflection ($0.25 to Enter),87381-161910,87381-41391,87381-66601,87381-8615,87381-39264,87381-73909,87381-65970,87381-70279,87381-15400,,87381-97098:Simon Benoit,87381-97098,D,Simon,Simon Benoit,Benoit,5.515789367,57,3700,CHI@ANH,ANH,CHI,,,,,,D/UTIL
3074955927,87381-263032178,$800 Mon NHL Deflection ($0.25 to Enter),87381-148186,87381-64102,87381-13612,87381-82156,87381-66759,87381-8878,87381-8175,87381-8176,87381-66612,,87381-42908:Brad Hunt,87381-42908,D,Brad,Brad Hunt,Hunt,3.896774292,31,3700,VGK@COL,COL,VGK,,,,,,D/UTIL
3074955929,87381-263032178,$800 Mon NHL Deflection ($0.25 to Enter),87381-41391,87381-70279,87381-39234,87381-43139,87381-13472,87381-82174,87381-8175,87381-74155,87381-15400,,87381-37883:Cody Ceci,87381-37883,D,Cody,Cody Ceci,Ceci,5.293333435,60,3700,BOS@EDM,EDM,BOS,,,,,,D/UTIL
3074955930,87381-263032178,$800 Mon NHL Deflection ($0.25 to Enter),87381-142017,87381-41391,87381-43135,87381-66790,87381-113276,87381-148102,87381-41592,87381-8357,87381-15400,,87381-39972:Kurtis MacDermid,87381-39972,D,Kurtis,Kurtis MacDermid,MacDermid,2.464864782,37,3600,VGK@COL,COL,VGK,DTD,Concussion,,,,D/UTIL
3074955931,87381-263032178,$800 Mon NHL Deflection ($0.25 to Enter),87381-41391,87381-70279,87381-37968,87381-74155,87381-135674,87381-70199,87381-8294,87381-8986,87381-15400,,87381-66598:Jakub Zboril,87381-66598,D,Jakub,Jakub Zboril,Zboril,2.444444444,18,3600,BOS@EDM,BOS,EDM,,,,,,D/UTIL
3074955932,87381-263032178,$800 Mon NHL Deflection ($0.25 to Enter),87381-41391,87381-62788,87381-13612,87381-43135,87381-148102,87381-70199,87381-8615,87381-97153,87381-15400,,87381-66625:Keegan Kolesar,87381-66625,W,Keegan,Keegan Kolesar,Kolesar,4.420338776,59,3600,VGK@COL,VGK,COL,,,,,,W/UTIL
3074955933,87381-263032178,$800 Mon NHL Deflection ($0.25 to Enter),87381-148101,87381-148186,87381-60686,87381-8640,87381-66759,87381-97129,87381-41391,87381-97147,87381-82115,,87381-66682:Travis Dermott,87381-66682,D,Travis,Travis Dermott,Dermott,3.563636433,11,3600,VAN@DAL,VAN,DAL,IR,Undisclosed,,,,D/UTIL
3074955934,87381-263032178,$800 Mon NHL Deflection ($0.25 to Enter),87381-64102,87381-8176,87381-61549,87381-66716,87381-113276,87381-11365,87381-97128,87381-82912,87381-66612,,87381-66710:Joel Hanley,87381-66710,D,Joel,Joel Hanley,Hanley,2.541176515,17,3600,VAN@DAL,DAL,VAN,,,,,,D/UTIL
3074955935,87381-263032178,$800 Mon NHL Deflection ($0.25 to Enter),87381-41391,87381-70927,87381-41392,87381-43135,87381-70199,87381-70912,87381-43139,87381-60686,87381-15400,,87381-66726:Colton White,87381-66726,D,Colton,Colton White,White,3.365517189,29,3600,CHI@ANH,ANH,CHI,,,,,,D/UTIL
3074955936,87381-263032178,$800 Mon NHL Deflection ($0.25 to Enter),87381-159629,87381-62157,87381-151490,87381-66737,87381-66759,87381-8878,87381-8556,87381-8640,87381-103202,,87381-54457:Jordan Oesterle,87381-54457,D,Jordan,Jordan Oesterle,Oesterle,4.571428571,42,3600,DET@OTT,DET,OTT,,,,,,D/UTIL
3074955937,87381-263032178,$800 Mon NHL Deflection ($0.25 to Enter),87381-148186,87381-64102,87381-60686,87381-73885,87381-42910,87381-97098,87381-8175,87381-74155,87381-66612,,87381-8410:Jack Johnson,87381-8410,D,Jack,Jack Johnson,Johnson,4.972413688,58,3600,VGK@COL,COL,VGK,,,,,,D/UTIL
3074955938,87381-263032178,$800 Mon NHL Deflection ($0.25 to Enter),87381-64102,87381-65970,87381-66790,87381-70922,87381-39464,87381-41394,87381-70912,87381-97022,87381-66612,,87381-148701:Dylan Holloway,87381-148701,W,Dylan,Dylan Holloway,Holloway,3.396226415,53,3600,BOS@EDM,EDM,BOS,O,Undisclosed,,,,W/UTIL
3074955939,87381-263032178,$800 Mon NHL Deflection ($0.25 to Enter),87381-159629,87381-64102,87381-43139,87381-73970,87381-39464,87381-41394,87381-8175,87381-54575,87381-66612,,87381-82156:Max Comtois,87381-82156,W,Max,Max Comtois,Comtois,5.165217524,46,3600,CHI@ANH,ANH,CHI,,,,,,W/UTIL
3074955940,87381-263032178,$800 Mon NHL Deflection ($0.25 to Enter),87381-41391,87381-62927,87381-13612,87381-41392,87381-135674,87381-41394,87381-65970,87381-8176,87381-15400,,87381-73987:Riley Stillman,87381-73987,D,Riley,Riley Stillman,Stillman,4.266666759,33,3600,VAN@DAL,VAN,DAL,,,,,,D/UTIL
3074955941,87381-263032178,$800 Mon NHL Deflection ($0.25 to Enter),87381-16969,87381-70279,87381-13612,87381-14563,87381-70199,87381-97129,87381-59218,87381-73970,87381-15400,,87381-70925:Brett Howden,87381-70925,W,Brett,Brett Howden,Howden,4.675000191,32,3600,VGK@COL,VGK,COL,,,,,,W/UTIL
3074955942,87381-263032178,$800 Mon NHL Deflection ($0.25 to Enter),87381-142017,87381-64102,87381-14151,87381-82190,87381-23035,87381-37883,87381-65970,87381-82912,87381-66612,,87381-8466:Ryan Suter,87381-8466,D,Ryan,Ryan Suter,Suter,6.074576168,59,3600,VAN@DAL,DAL,VAN,,,,,,D/UTIL
3074955943,87381-263032178,$800 Mon NHL Deflection ($0.25 to Enter),87381-161910,87381-64102,87381-21689,87381-59142,87381-14457,87381-70912,87381-8175,87381-8878,87381-66612,,87381-117050:Kaedan Korczak,87381-117050,D,Kaedan,Kaedan Korczak,Korczak,5.440000153,10,3600,VGK@COL,VGK,COL,,,,,,D/UTIL
3074955944,87381-263032178,$800 Mon NHL Deflection ($0.25 to Enter),87381-135689,87381-161910,87381-82190,87381-8640,87381-66759,87381-8651,87381-64102,87381-8682,87381-66612,,87381-23928:Radek Faksa,87381-23928,C,Radek,Radek Faksa,Faksa,5.389830508,59,3600,VAN@DAL,DAL,VAN,,,,,,C/UTIL
3074955946,87381-263032178,$800 Mon NHL Deflection ($0.25 to Enter),87381-42839,87381-64102,87381-59142,87381-8986,87381-66606,87381-74016,87381-8175,87381-97022,87381-66612,,87381-84410:Gustav Lindstrom,87381-84410,D,Gustav,Gustav Lindstrom,Lindstrom,3.68,25,3600,DET@OTT,DET,OTT,,,,,,D/UTIL
3074955947,87381-263032178,$800 Mon NHL Deflection ($0.25 to Enter),87381-62157,87381-64102,87381-61245,87381-8986,87381-13472,87381-66759,87381-65970,87381-8175,87381-66612,,87381-12744:Mark Pysyk,87381-12744,D,Mark,Mark Pysyk,Pysyk,5.094117557,68,3600,DET@OTT,DET,OTT,IR,Achilles,,,,D/UTIL
3074955948,87381-263032178,$800 Mon NHL Deflection ($0.25 to Enter),87381-142017,87381-8175,87381-41392,87381-82120,87381-135674,87381-66759,87381-97128,87381-70199,87381-103202,,87381-96800:Urho Vaakanainen,87381-96800,D,Urho,Urho Vaakanainen,Vaakanainen,4.52173913,23,3600,CHI@ANH,ANH,CHI,IR,Lower body,,,,D/UTIL
3074955949,87381-263032178,$800 Mon NHL Deflection ($0.25 to Enter),87381-161910,87381-70279,87381-66601,87381-66737,87381-113276,87381-23035,87381-82800,87381-8640,87381-103202,,87381-113270:Philip Broberg,87381-113270,D,Philip,Philip Broberg,Broberg,4.14117656,34,3600,BOS@EDM,EDM,BOS,,,,,,D/UTIL
3074955950,87381-263032178,$800 Mon NHL Deflection ($0.25 to Enter),87381-39990,87381-64102,87381-13612,87381-43139,87381-41394,87381-43093,87381-97096,87381-61245,87381-103202,,87381-113287:Dakota Joshua,87381-113287,W,Dakota,Dakota Joshua,Joshua,4.408928462,56,3600,VAN@DAL,VAN,DAL,,,,,,W/UTIL
3074955951,87381-263032178,$800 Mon NHL Deflection ($0.25 to Enter),87381-41592,87381-62927,87381-61549,87381-97022,87381-13472,87381-66606,87381-64102,87381-8175,87381-103202,,87381-70375:Nikita Zaitsev,87381-70375,D,Nikita,Nikita Zaitsev,Zaitsev,4.303448381,29,3600,CHI@ANH,CHI,ANH,O,Undisclosed,,,,D/UTIL
3074955952,87381-263032178,$800 Mon NHL Deflection ($0.25 to Enter),87381-142017,87381-70279,87381-66737,87381-70483,87381-21935,87381-42962,87381-8294,87381-97022,87381-103202,,87381-97140:Joe Veleno,87381-97140,C,Joe,Joe Veleno,Veleno,5.224561189,57,3600,DET@OTT,DET,OTT,,,,,,C/UTIL
3074955953,87381-263032178,$800 Mon NHL Deflection ($0.25 to Enter),87381-64102,87381-70279,87381-59127,87381-74155,87381-41394,87381-97129,87381-8176,87381-97022,87381-103202,,87381-59256:Kyle Burroughs,87381-59256,D,Kyle,Kyle Burroughs,Burroughs,5.292307927,26,3600,VAN@DAL,VAN,DAL,,,,,,D/UTIL
3074955954,87381-263032178,$800 Mon NHL Deflection ($0.25 to Enter),87381-101993,87381-142017,87381-66737,87381-82120,87381-70199,87381-9036,87381-148101,87381-41592,87381-103202,,87381-82808:Brett Seney,87381-82808,W,Brett,Brett Seney,Seney,5.6,5,3600,CHI@ANH,CHI,ANH,,,,,,W/UTIL
3074955955,87381-263032178,$800 Mon NHL Deflection ($0.25 to Enter),87381-41592,87381-64102,87381-82808,87381-97022,87381-113270,87381-73909,87381-70279,87381-8175,87381-103202,,87381-82828:Christian Wolanin,87381-82828,D,Christian,Christian Wolanin,Wolanin,2.799999952,4,3600,VAN@DAL,VAN,DAL,,,,,,D/UTIL
3074955956,87381-263032178,$800 Mon NHL Deflection ($0.25 to Enter),87381-142017,87381-64100,87381-59142,87381-82190,87381-135674,87381-70199,87381-70279,87381-97096,87381-103202,,87381-42924:Colin Miller,87381-42924,D,Colin,Colin Miller,Miller,5.543859649,57,3600,VAN@DAL,DAL,VAN,,,,,,D/UTIL
3074956073,87381-263041562,H2H vs jpeters6,87381-64102,87381-70279,87381-74155,87381-8539,87381-21935,87381-39464,87381-8175,87381-42962,87381-103202,,87381-39870:Tanner Pearson,87381-39870,W,Tanner,Tanner Pearson,Pearson,5.464285714,14,3600,VAN@DAL,VAN,DAL,IR,Hand,,,,W/UTIL
,,,,,,,,,,,,,87381-15302:Nathan Beaulieu,87381-15302,D,Nathan,Nathan Beaulieu,Beaulieu,4.599999905,32,3600,CHI@ANH,ANH,CHI,,,,,,D/UTIL
,,,,,,,,,,,,,87381-171018:Filip Johansson,87381-171018,D,Filip,Filip Johansson,Johansson,,,3500,VAN@DAL,VAN,DAL,,,,,,D/UTIL
,,,,,,,,,,,,,87381-79881:Tucker Poolman,87381-79881,D,Tucker,Tucker Poolman,Poolman,5.333333333,3,3500,VAN@DAL,VAN,DAL,IR,Undisclosed,,,,D/UTIL
,,,,,,,,,,,,,87381-38933:Slater Koekkoek,87381-38933,D,Slater,Slater Koekkoek,Koekkoek,3.920000076,20,3500,BOS@EDM,EDM,BOS,,,,,,D/UTIL
,,,,,,,,,,,,,87381-66614:Dysin Mayo,87381-66614,D,Dysin,Dysin Mayo,Mayo,2.400000042,18,3500,VGK@COL,VGK,COL,,,,,,D/UTIL
,,,,,,,,,,,,,87381-167002:Alex Vlasic,87381-167002,D,Alex,Alex Vlasic,Vlasic,4.320000203,15,3500,CHI@ANH,CHI,ANH,,,,,,D/UTIL
,,,,,,,,,,,,,87381-66656:Mike Reilly,87381-66656,D,Mike,Mike Reilly,Reilly,3.600000064,12,3500,BOS@EDM,BOS,EDM,,,,,,D/UTIL
,,,,,,,,,,,,,87381-66712:Noah Juulsen,87381-66712,D,Noah,Noah Juulsen,Juulsen,1.280000019,5,3500,VAN@DAL,VAN,DAL,,,,,,D/UTIL
,,,,,,,,,,,,,87381-82075:Will Butcher,87381-82075,D,Will,Will Butcher,Butcher,4.870270188,37,3500,VAN@DAL,DAL,VAN,,,,,,D/UTIL
,,,,,,,,,,,,,87381-116900:Thomas Harley,87381-116900,D,Thomas,Thomas Harley,Harley,4.164706062,34,3500,VAN@DAL,DAL,VAN,,,,,,D/UTIL
,,,,,,,,,,,,,87381-8357:Andrew Cogliano,87381-8357,W,Andrew,Andrew Cogliano,Cogliano,6.225454434,55,3500,VGK@COL,COL,VGK,,,,,,W/UTIL
,,,,,,,,,,,,,87381-180407:Kirill Kudryavtsev,87381-180407,D,Kirill,Kirill Kudryavtsev,Kudryavtsev,,,3500,VAN@DAL,VAN,DAL,,,,,,D/UTIL
,,,,,,,,,,,,,87381-180408:Matt Anderson,87381-180408,D,Matt,Matt Anderson,Anderson,,,3500,VAN@DAL,VAN,DAL,,,,,,D/UTIL
,,,,,,,,,,,,,87381-180409:Chad Nychuk,87381-180409,D,Chad,Chad Nychuk,Nychuk,,,3500,VAN@DAL,VAN,DAL,,,,,,D/UTIL
,,,,,,,,,,,,,87381-39145:Danny DeKeyser,87381-39145,D,Danny,Danny DeKeyser,DeKeyser,5.803389727,59,3500,VAN@DAL,VAN,DAL,,,,,,D/UTIL
,,,,,,,,,,,,,87381-73963:A.J. Greer,87381-73963,W,A.J.,A.J. Greer,Greer,4.409302468,43,3500,BOS@EDM,BOS,EDM,,,,,,W/UTIL
,,,,,,,,,,,,,87381-70903:Olli Juolevi,87381-70903,D,Olli,Olli Juolevi,Juolevi,2.488888847,18,3500,CHI@ANH,ANH,CHI,,,,,,D/UTIL
,,,,,,,,,,,,,87381-70902:Jesse Puljujarvi,87381-70902,W,Jesse,Jesse Puljujarvi,Puljujarvi,5.31929846,57,3500,BOS@EDM,EDM,BOS,,,,,,W/UTIL
,,,,,,,,,,,,,87381-70922:Max Jones,87381-70922,W,Max,Max Jones,Jones,4.289361832,47,3500,CHI@ANH,ANH,CHI,,,,,,W/UTIL
,,,,,,,,,,,,,87381-82198:Mark Kastelic,87381-82198,C,Mark,Mark Kastelic,Kastelic,4.254545385,44,3500,DET@OTT,OTT,DET,,,,,,C/UTIL
,,,,,,,,,,,,,87381-74015:Dan Renouf,87381-74015,D,Dan,Dan Renouf,Renouf,11.19999981,1,3500,BOS@EDM,BOS,EDM,,,,,,D/UTIL
,,,,,,,,,,,,,87381-117046:Quinn Schmiemann,87381-117046,D,Quinn,Quinn Schmiemann,Schmiemann,,,3500,VAN@DAL,VAN,DAL,,,,,,D/UTIL
,,,,,,,,,,,,,87381-149829:Jakub Galvas,87381-149829,D,Jakub,Jakub Galvas,Galvas,4.53333346,6,3500,CHI@ANH,CHI,ANH,,,,,,D/UTIL
,,,,,,,,,,,,,87381-8531:Michael Del Zotto,87381-8531,D,Michael,Michael Del Zotto,Del Zotto,8.121428353,28,3500,CHI@ANH,ANH,CHI,,,,,,D/UTIL
,,,,,,,,,,,,,87381-74126:Markus Niemelainen,87381-74126,D,Markus,Markus Niemelainen,Niemelainen,2.22608699,23,3500,BOS@EDM,EDM,BOS,,,,,,D/UTIL
,,,,,,,,,,,,,87381-170402:Filip Roos,87381-170402,D,Filip,Filip Roos,Roos,4.847058913,17,3500,CHI@ANH,CHI,ANH,,,,,,D/UTIL
,,,,,,,,,,,,,87381-12727:Jarred Tinordi,87381-12727,D,Jarred,Jarred Tinordi,Tinordi,5.214814928,27,3500,CHI@ANH,CHI,ANH,IR,Knee,,,,D/UTIL
,,,,,,,,,,,,,87381-82375:Austin Strand,87381-82375,D,Austin,Austin Strand,Strand,2.879999924,5,3500,CHI@ANH,ANH,CHI,,,,,,D/UTIL
,,,,,,,,,,,,,87381-128500:Jack Ahcan,87381-128500,D,Jack,Jack Ahcan,Ahcan,4.75,6,3500,BOS@EDM,BOS,EDM,,,,,,D/UTIL
,,,,,,,,,,,,,87381-103033:Jett Woo,87381-103033,D,Jett,Jett Woo,Woo,,,3500,VAN@DAL,VAN,DAL,,,,,,D/UTIL
,,,,,,,,,,,,,87381-113283:Lassi Thomson,87381-113283,D,Lassi,Lassi Thomson,Thomson,0.800000012,2,3500,DET@OTT,OTT,DET,,,,,,D/UTIL
,,,,,,,,,,,,,87381-113286:Brett Leason,87381-113286,W,Brett,Brett Leason,Leason,3.330612183,49,3500,CHI@ANH,ANH,CHI,,,,,,W/UTIL
,,,,,,,,,,,,,87381-8860:John Moore,87381-8860,D,John,John Moore,Moore,5.542857034,7,3500,CHI@ANH,ANH,CHI,O,Undisclosed,,,,D/UTIL
,,,,,,,,,,,,,87381-103079:Brady Keeper,87381-103079,D,Brady,Brady Keeper,Keeper,,,3500,VAN@DAL,VAN,DAL,,,,,,D/UTIL
,,,,,,,,,,,,,87381-142020:Jamie Drysdale,87381-142020,D,Jamie,Jamie Drysdale,Drysdale,2.488888847,9,3500,CHI@ANH,ANH,CHI,IR,Shoulder,,,,D/UTIL
,,,,,,,,,,,,,87381-148182:Jacob Bernard-Docker,87381-148182,D,Jacob,Jacob Bernard-Docker,Bernard-Docker,5.292307927,13,3500,DET@OTT,OTT,DET,,,,,,D/UTIL
,,,,,,,,,,,,,87381-8918:Anton Stralman,87381-8918,D,Anton,Anton Stralman,Stralman,2.079999924,10,3500,BOS@EDM,BOS,EDM,,,,,,D/UTIL
,,,,,,,,,,,,,87381-23286:Ryan Murray,87381-23286,D,Ryan,Ryan Murray,Murray,3.5,16,3500,BOS@EDM,EDM,BOS,IR,Back,,,,D/UTIL
,,,,,,,,,,,,,87381-42780:Dillon Heatherington,87381-42780,D,Dillon,Dillon Heatherington,Heatherington,1.600000064,3,3500,DET@OTT,OTT,DET,,,,,,D/UTIL
,,,,,,,,,,,,,87381-135978:Jack Rathbone,87381-135978,D,Jack,Jack Rathbone,Rathbone,3.428571429,7,3500,VAN@DAL,VAN,DAL,,,,,,D/UTIL
,,,,,,,,,,,,,87381-62276:Austin Czarnik,87381-62276,W,Austin,Austin Czarnik,Czarnik,5.200000127,12,3500,DET@OTT,DET,OTT,,,,,,W/UTIL
,,,,,,,,,,,,,87381-97092:Alex Kannok-Leipert,87381-97092,D,Alex,Alex Kannok-Leipert,Kannok-Leipert,,,3500,VAN@DAL,VAN,DAL,,,,,,D/UTIL
,,,,,,,,,,,,,87381-97099:Hunter Drew,87381-97099,D,Hunter,Hunter Drew,Drew,0,2,3500,CHI@ANH,CHI,ANH,,,,,,D/UTIL
,,,,,,,,,,,,,87381-170839:Nils Aman,87381-170839,C,Nils,Nils Aman,Aman,3.626666599,45,3500,VAN@DAL,VAN,DAL,,,,,,C/UTIL
,,,,,,,,,,,,,87381-97145:Alec Regula,87381-97145,D,Alec,Alec Regula,Regula,3.2,5,3500,CHI@ANH,CHI,ANH,,,,,,D/UTIL
,,,,,,,,,,,,,87381-97177:Kristians Rubins,87381-97177,D,Kristians,Kristians Rubins,Rubins,3.73333327,3,3500,DET@OTT,OTT,DET,,,,,,D/UTIL
,,,,,,,,,,,,,87381-42906:Jujhar Khaira,87381-42906,W,Jujhar,Jujhar Khaira,Khaira,4.606666565,30,3500,CHI@ANH,CHI,ANH,,,,,,W/UTIL
,,,,,,,,,,,,,87381-97181:Dylan MacPherson,87381-97181,D,Dylan,Dylan MacPherson,MacPherson,,,3500,VAN@DAL,VAN,DAL,,,,,,D/UTIL
,,,,,,,,,,,,,87381-42912:Oscar Klefbom,87381-42912,D,Oscar,Oscar Klefbom,Klefbom,,,3500,BOS@EDM,EDM,BOS,IR,Shoulder,,,,D/UTIL
,,,,,,,,,,,,,87381-70565:Jacob Larsson,87381-70565,D,Jacob,Jacob Larsson,Larsson,2.285714286,7,3500,DET@OTT,OTT,DET,,,,,,D/UTIL
,,,,,,,,,,,,,87381-97190:Brayden Pachal,87381-97190,D,Brayden,Brayden Pachal,Pachal,6.222222222,9,3500,VGK@COL,VGK,COL,,,,,,D/UTIL
,,,,,,,,,,,,,87381-97203:Ryan Merkley,87381-97203,D,Ryan,Ryan Merkley,Merkley,3.738461617,39,3500,VGK@COL,COL,VGK,,,,,,D/UTIL
,,,,,,,,,,,,,87381-136184:Wyatt Kalynuk,87381-136184,D,Wyatt,Wyatt Kalynuk,Kalynuk,0.320000005,5,3500,VAN@DAL,VAN,DAL,,,,,,D/UTIL
,,,,,,,,,,,,,87381-81972:MacKenzie Entwistle,87381-81972,W,MacKenzie,MacKenzie Entwistle,Entwistle,3.24565224,46,3400,CHI@ANH,CHI,ANH,IR,Wrist,,,,W/UTIL
,,,,,,,,,,,,,87381-73981:Denis Malgin,87381-73981,W,Denis,Denis Malgin,Malgin,5.20232551,43,3400,VGK@COL,COL,VGK,,,,,,W/UTIL
,,,,,,,,,,,,,87381-82176:Jack Studnicka,87381-82176,C,Jack,Jack Studnicka,Studnicka,4.463158055,38,3400,VAN@DAL,VAN,DAL,,,,,,C/UTIL
,,,,,,,,,,,,,87381-14151:Austin Watson,87381-14151,W,Austin,Austin Watson,Watson,4.474074187,54,3400,DET@OTT,OTT,DET,,,,,,W/UTIL
,,,,,,,,,,,,,87381-59235:Tomas Nosek,87381-59235,C,Tomas,Tomas Nosek,Nosek,4.306976673,43,3400,BOS@EDM,BOS,EDM,,,,,,C/UTIL
,,,,,,,,,,,,,87381-42860:Curtis Lazar,87381-42860,W,Curtis,Curtis Lazar,Lazar,4.817777846,45,3400,VAN@DAL,VAN,DAL,IR,Lower body,,,,W/UTIL
,,,,,,,,,,,,,87381-170867:Elmer Soderblom,87381-170867,W,Elmer,Elmer Soderblom,Soderblom,7.123809814,21,3400,DET@OTT,DET,OTT,,,,,,W/UTIL
,,,,,,,,,,,,,87381-37894:Jayson Megna,87381-37894,W,Jayson,Jayson Megna,Megna,2.695652174,46,3300,CHI@ANH,ANH,CHI,,,,,,W/UTIL
,,,,,,,,,,,,,87381-8340:Darren Helm,87381-8340,W,Darren,Darren Helm,Helm,1.280000019,5,3300,VGK@COL,COL,VGK,O,Lower body,,,,W/UTIL
,,,,,,,,,,,,,87381-73970:Colin Blackwell,87381-73970,W,Colin,Colin Blackwell,Blackwell,3.811320755,53,3300,CHI@ANH,CHI,ANH,,,,,,W/UTIL
,,,,,,,,,,,,,87381-169240:Ben Meyers,87381-169240,W,Ben,Ben Meyers,Meyers,2.245161241,31,3300,VGK@COL,COL,VGK,,,,,,W/UTIL
,,,,,,,,,,,,,87381-12670:Sam Carrick,87381-12670,C,Sam,Sam Carrick,Carrick,3.590697532,43,3300,CHI@ANH,ANH,CHI,,,,,,C/UTIL
,,,,,,,,,,,,,87381-104016:Vitali Kravtsov,87381-104016,W,Vitali,Vitali Kravtsov,Kravtsov,3.706451662,31,3300,VAN@DAL,VAN,DAL,,,,,,W/UTIL
,,,,,,,,,,,,,87381-43133:Luke Glendening,87381-43133,W,Luke,Luke Glendening,Glendening,3.692857197,56,3200,VAN@DAL,DAL,VAN,O,Lower body,,,,W/UTIL
,,,,,,,,,,,,,87381-70919:Julien Gauthier,87381-70919,W,Julien,Julien Gauthier,Gauthier,4.334883579,43,3200,DET@OTT,OTT,DET,,,,,,W/UTIL
,,,,,,,,,,,,,87381-82192:Parker Kelly,87381-82192,W,Parker,Parker Kelly,Kelly,3.103703817,54,3200,DET@OTT,OTT,DET,,,,,,W/UTIL
,,,,,,,,,,,,,87381-102807:Reese Johnson,87381-102807,C,Reese,Reese Johnson,Johnson,3.370212636,47,3200,CHI@ANH,CHI,ANH,IR,Concussion,,,,C/UTIL
,,,,,,,,,,,,,87381-74153:Boris Katchouk,87381-74153,W,Boris,Boris Katchouk,Katchouk,3.105882308,34,3200,CHI@ANH,CHI,ANH,,,,,,W/UTIL
,,,,,,,,,,,,,87381-107990:Joel Kiviranta,87381-107990,W,Joel,Joel Kiviranta,Kiviranta,4.038461538,52,3200,VAN@DAL,DAL,VAN,O,Lower body,,,,W/UTIL
,,,,,,,,,,,,,87381-146741:Pavel Dorofeyev,87381-146741,W,Pavel,Pavel Dorofeyev,Dorofeyev,3.200000127,3,3100,VGK@COL,VGK,COL,,,,,,W/UTIL
,,,,,,,,,,,,,87381-96776:Riley Damiani,87381-96776,C,Riley,Riley Damiani,Damiani,5.142857143,7,3100,VAN@DAL,DAL,VAN,,,,,,C/UTIL
,,,,,,,,,,,,,87381-135689:Fredrik Karlstrom,87381-135689,C,Fredrik,Fredrik Karlstrom,Karlstrom,1.600000024,2,3100,VAN@DAL,DAL,VAN,,,,,,C/UTIL
,,,,,,,,,,,,,87381-148204:Sampo Ranta,87381-148204,W,Sampo,Sampo Ranta,Ranta,2.133333365,6,3100,VGK@COL,COL,VGK,,,,,,W/UTIL
,,,,,,,,,,,,,87381-61245:Devin Shore,87381-61245,W,Devin,Devin Shore,Shore,3.22424247,33,3100,BOS@EDM,EDM,BOS,,,,,,W/UTIL
,,,,,,,,,,,,,87381-82909:Dylan Gambrell,87381-82909,C,Dylan,Dylan Gambrell,Gambrell,2.478048743,41,3100,DET@OTT,OTT,DET,,,,,,C/UTIL
,,,,,,,,,,,,,87381-68658:Danny O'Regan,87381-68658,C,Danny,Danny O'Regan,O'Regan,3.520000076,5,3000,DET@OTT,DET,OTT,,,,,,C/UTIL
,,,,,,,,,,,,,87381-38995:Buddy Robinson,87381-38995,W,Buddy,Buddy Robinson,Robinson,0,1,3000,CHI@ANH,CHI,ANH,,,,,,W/UTIL
,,,,,,,,,,,,,87381-149591:Jacob Peterson,87381-149591,C,Jacob,Jacob Peterson,Peterson,1.600000024,2,3000,VAN@DAL,DAL,VAN,,,,,,C/UTIL
,,,,,,,,,,,,,87381-167004:Marc McLaughlin,87381-167004,C,Marc,Marc McLaughlin,McLaughlin,2.400000095,2,3000,BOS@EDM,BOS,EDM,,,,,,C/UTIL
,,,,,,,,,,,,,87381-80992:Nolan Patrick,87381-80992,C,Nolan,Nolan Patrick,Patrick,4.947999878,25,3000,VGK@COL,VGK,COL,IR,Upper body,,,,C/UTIL
,,,,,,,,,,,,,87381-82079:Marian Studenic,87381-82079,W,Marian,Marian Studenic,Studenic,2.133333365,3,3000,VAN@DAL,DAL,VAN,,,,,,W/UTIL
,,,,,,,,,,,,,87381-180402:Matt Alfaro,87381-180402,W,Matt,Matt Alfaro,Alfaro,,,3000,VAN@DAL,VAN,DAL,,,,,,W/UTIL
,,,,,,,,,,,,,87381-180403:Cole Shepard,87381-180403,W,Cole,Cole Shepard,Shepard,,,3000,VAN@DAL,VAN,DAL,,,,,,W/UTIL
,,,,,,,,,,,,,87381-180406:Yushiro Hirano,87381-180406,W,Yushiro,Yushiro Hirano,Hirano,,,3000,VAN@DAL,VAN,DAL,,,,,,W/UTIL
,,,,,,,,,,,,,87381-180404:Michael Regush,87381-180404,W,Michael,Michael Regush,Regush,,,3000,VAN@DAL,VAN,DAL,,,,,,W/UTIL
,,,,,,,,,,,,,87381-180405:Marc Gatcomb,87381-180405,W,Marc,Marc Gatcomb,Gatcomb,,,3000,VAN@DAL,VAN,DAL,,,,,,W/UTIL
,,,,,,,,,,,,,87381-153812:Lukas Reichel,87381-153812,W,Lukas,Lukas Reichel,Reichel,11,4,3000,CHI@ANH,CHI,ANH,,,,,,W/UTIL
,,,,,,,,,,,,,87381-70923:Riley Tufte,87381-70923,W,Riley,Riley Tufte,Tufte,0.533333341,3,3000,VAN@DAL,DAL,VAN,,,,,,W/UTIL
,,,,,,,,,,,,,87381-82191:Alex Formenton,87381-82191,W,Alex,Alex Formenton,Formenton,8.070885767,79,3000,DET@OTT,OTT,DET,O,Contract dispute,,,,W/UTIL
,,,,,,,,,,,,,87381-70930:Tyler Benson,87381-70930,W,Tyler,Tyler Benson,Benson,0,2,3000,BOS@EDM,EDM,BOS,,,,,,W/UTIL
,,,,,,,,,,,,,87381-102690:Linus Karlsson,87381-102690,W,Linus,Linus Karlsson,Karlsson,,,3000,VAN@DAL,VAN,DAL,,,,,,W/UTIL
,,,,,,,,,,,,,87381-54576:Rocco Grimaldi,87381-54576,W,Rocco,Rocco Grimaldi,Grimaldi,1.828571456,7,3000,CHI@ANH,ANH,CHI,,,,,,W/UTIL
,,,,,,,,,,,,,87381-152885:Viktor Lodin,87381-152885,C,Viktor,Viktor Lodin,Lodin,4.800000191,1,3000,DET@OTT,OTT,DET,,,,,,C/UTIL
,,,,,,,,,,,,,87381-147770:Josiah Slavin,87381-147770,W,Josiah,Josiah Slavin,Slavin,2.346666718,15,3000,CHI@ANH,ANH,CHI,,,,,,W/UTIL
,,,,,,,,,,,,,87381-82232:Chase Pearson,87381-82232,W,Chase,Chase Pearson,Pearson,1.066666683,3,3000,DET@OTT,DET,OTT,,,,,,W/UTIL
,,,,,,,,,,,,,87381-82276:Oskar Steen,87381-82276,C,Oskar,Oskar Steen,Steen,5.440000153,20,3000,BOS@EDM,BOS,EDM,,,,,,C/UTIL
,,,,,,,,,,,,,87381-39271:Seth Griffith,87381-39271,W,Seth,Seth Griffith,Griffith,0,1,3000,BOS@EDM,EDM,BOS,,,,,,W/UTIL
,,,,,,,,,,,,,87381-62826:Anton Blidh,87381-62826,W,Anton,Anton Blidh,Blidh,1.257142884,14,3000,VGK@COL,COL,VGK,,,,,,W/UTIL
,,,,,,,,,,,,,87381-74099:Matt Luff,87381-74099,W,Matt,Matt Luff,Luff,3.542857034,7,3000,DET@OTT,DET,OTT,,,,,,W/UTIL
,,,,,,,,,,,,,87381-162171:Connor Lockhart,87381-162171,W,Connor,Connor Lockhart,Lockhart,,,3000,VAN@DAL,VAN,DAL,,,,,,W/UTIL
,,,,,,,,,,,,,87381-162172:Tristen Nielsen,87381-162172,C,Tristen,Tristen Nielsen,Nielsen,,,3000,VAN@DAL,VAN,DAL,,,,,,C/UTIL
,,,,,,,,,,,,,87381-12672:Greg McKegg,87381-12672,C,Greg,Greg McKegg,McKegg,2.911627836,43,3000,BOS@EDM,EDM,BOS,,,,,,C/UTIL
,,,,,,,,,,,,,87381-21895:Chris Wagner,87381-21895,W,Chris,Chris Wagner,Wagner,1.600000024,1,3000,BOS@EDM,BOS,EDM,,,,,,W/UTIL
,,,,,,,,,,,,,87381-161189:Jasper Weatherby,87381-161189,W,Jasper,Jasper Weatherby,Weatherby,4.387999878,50,3000,DET@OTT,DET,OTT,,,,,,W/UTIL
,,,,,,,,,,,,,87381-117161:Carson Focht,87381-117161,C,Carson,Carson Focht,Focht,,,3000,VAN@DAL,VAN,DAL,,,,,,C/UTIL
,,,,,,,,,,,,,87381-151977:Jean-Luc Foudy,87381-151977,C,Jean-Luc,Jean-Luc Foudy,Foudy,2.488888847,9,3000,VGK@COL,COL,VGK,,,,,,C/UTIL
,,,,,,,,,,,,,87381-117182:Brayden Tracey,87381-117182,W,Brayden,Brayden Tracey,Tracey,1.600000024,1,3000,CHI@ANH,ANH,CHI,,,,,,W/UTIL
,,,,,,,,,,,,,87381-107991:Jonas Rondbjerg,87381-107991,W,Jonas,Jonas Rondbjerg,Rondbjerg,3.323076982,13,3000,VGK@COL,VGK,COL,,,,,,W/UTIL
,,,,,,,,,,,,,87381-135660:Cameron Hillis,87381-135660,C,Cameron,Cameron Hillis,Hillis,3.200000048,1,3000,CHI@ANH,CHI,ANH,,,,,,C/UTIL
,,,,,,,,,,,,,87381-58906:Chase De Leo,87381-58906,W,Chase,Chase De Leo,De Leo,1.600000024,2,3000,CHI@ANH,ANH,CHI,,,,,,W/UTIL
,,,,,,,,,,,,,87381-96801:Jakub Lauko,87381-96801,W,Jakub,Jakub Lauko,Lauko,4,11,3000,BOS@EDM,BOS,EDM,,,,,,W/UTIL
,,,,,,,,,,,,,87381-167499:Arshdeep Bains,87381-167499,W,Arshdeep,Arshdeep Bains,Bains,,,3000,VAN@DAL,VAN,DAL,,,,,,W/UTIL
,,,,,,,,,,,,,87381-170579:Pavol Regenda,87381-170579,W,Pavol,Pavol Regenda,Regenda,4.470588235,17,3000,CHI@ANH,ANH,CHI,,,,,,W/UTIL
,,,,,,,,,,,,,87381-102997:Taro Hirose,87381-102997,W,Taro,Taro Hirose,Hirose,3.746666718,15,3000,DET@OTT,DET,OTT,,,,,,W/UTIL
,,,,,,,,,,,,,87381-152162:Vasily Podkolzin,87381-152162,W,Vasily,Vasily Podkolzin,Podkolzin,3.661538344,26,3000,VAN@DAL,VAN,DAL,,,,,,W/UTIL
,,,,,,,,,,,,,87381-148094:Mike Hardman,87381-148094,W,Mike,Mike Hardman,Hardman,2.590476263,21,3000,CHI@ANH,CHI,ANH,,,,,,W/UTIL
,,,,,,,,,,,,,87381-59012:Jayce Hawryluk,87381-59012,W,Jayce,Jayce Hawryluk,Hawryluk,,,3000,DET@OTT,OTT,DET,,,,,,W/UTIL
,,,,,,,,,,,,,87381-152238:Karel Plasek,87381-152238,W,Karel,Karel Plasek,Plasek,,,3000,VAN@DAL,VAN,DAL,,,,,,W/UTIL
,,,,,,,,,,,,,87381-103095:Rhett Gardner,87381-103095,W,Rhett,Rhett Gardner,Gardner,0.400000006,4,3000,VAN@DAL,DAL,VAN,,,,,,W/UTIL
,,,,,,,,,,,,,87381-170684:Matej Blumel,87381-170684,W,Matej,Matej Blumel,Blumel,4.399999936,6,3000,VAN@DAL,DAL,VAN,,,,,,W/UTIL
,,,,,,,,,,,,,87381-23233:Alex Galchenyuk,87381-23233,W,Alex,Alex Galchenyuk,Galchenyuk,1.600000024,4,3000,VGK@COL,COL,VGK,,,,,,W/UTIL
,,,,,,,,,,,,,87381-59143:Vincent Arseneau,87381-59143,W,Vincent,Vincent Arseneau,Arseneau,,,3000,VAN@DAL,VAN,DAL,,,,,,W/UTIL
,,,,,,,,,,,,,87381-97049:Egor Sokolov,87381-97049,W,Egor,Egor Sokolov,Sokolov,2.400000095,8,3000,DET@OTT,OTT,DET,,,,,,W/UTIL
,,,,,,,,,,,,,87381-42786:Justin Dowling,87381-42786,W,Justin,Justin Dowling,Dowling,3.70909084,22,3000,VAN@DAL,VAN,DAL,,,,,,W/UTIL
,,,,,,,,,,,,,87381-119594:Bryce Kindopp,87381-119594,W,Bryce,Bryce Kindopp,Kindopp,3.200000048,1,3000,CHI@ANH,ANH,CHI,,,,,,W/UTIL
,,,,,,,,,,,,,87381-145202:Jacob Perreault,87381-145202,W,Jacob,Jacob Perreault,Perreault,1.600000024,1,3000,CHI@ANH,ANH,CHI,,,,,,W/UTIL
,,,,,,,,,,,,,87381-97073:Chase Wouters,87381-97073,C,Chase,Chase Wouters,Wouters,,,3000,VAN@DAL,VAN,DAL,,,,,,C/UTIL
,,,,,,,,,,,,,87381-183098:Andrei Svetlakov,87381-183098,C,Andrei,Andrei Svetlakov,Svetlakov,,,3000,BOS@EDM,BOS,EDM,,,,,,C/UTIL
,,,,,,,,,,,,,87381-97095:Benoit-Olivier Groulx,87381-97095,C,Benoit-Olivier,Benoit-Olivier Groulx,Groulx,3.60000017,18,3000,CHI@ANH,ANH,CHI,,,,,,C/UTIL
,,,,,,,,,,,,,87381-14177:Brad Malone,87381-14177,C,Brad,Brad Malone,Malone,1.760000038,10,3000,BOS@EDM,EDM,BOS,,,,,,C/UTIL
,,,,,,,,,,,,,87381-62310:Tanner Kero,87381-62310,W,Tanner,Tanner Kero,Kero,2.533333302,24,3000,VAN@DAL,DAL,VAN,,,,,,W/UTIL
,,,,,,,,,,,,,87381-149357:Cole Reinhardt,87381-149357,W,Cole,Cole Reinhardt,Reinhardt,1.600000024,1,3000,DET@OTT,OTT,DET,,,,,,W/UTIL
,,,,,,,,,,,,,87381-59251:Michael Dal Colle,87381-59251,W,Michael,Michael Dal Colle,Dal Colle,3.200000048,1,3000,DET@OTT,OTT,DET,,,,,,W/UTIL
,,,,,,,,,,,,,87381-157595:Danila Klimovich,87381-157595,W,Danila,Danila Klimovich,Klimovich,,,3000,VAN@DAL,VAN,DAL,,,,,,W/UTIL
,,,,,,,,,,,,,87381-82842:Dylan Sikura,87381-82842,W,Dylan,Dylan Sikura,Sikura,3.520000076,5,3000,CHI@ANH,CHI,ANH,,,,,,W/UTIL
,,,,,,,,,,,,,87381-42918:Scott Sabourin,87381-42918,W,Scott,Scott Sabourin,Sabourin,4.114285605,7,3000,DET@OTT,OTT,DET,,,,,,W/UTIL
,,,,,,,,,,,,,87381-15272:Micheal Ferland,87381-15272,W,Micheal,Micheal Ferland,Ferland,,,3000,VAN@DAL,VAN,DAL,IR,Head,,,,W/UTIL
,,,,,,,,,,,,,87381-66513:Glenn Gawdin,87381-66513,C,Glenn,Glenn Gawdin,Gawdin,3.200000127,3,3000,CHI@ANH,ANH,CHI,,,,,,C/UTIL
,,,,,,,,,,,,,87381-97236:Mikhail Maltsev,87381-97236,W,Mikhail,Mikhail Maltsev,Maltsev,1.920000076,5,3000,VGK@COL,COL,VGK,,,,,,W/UTIL
,,,,,,,,,,,,,87381-62431:Riley Barber,87381-62431,W,Riley,Riley Barber,Barber,2,4,3000,VAN@DAL,DAL,VAN,,,,,,W/UTIL
,,,,,,,,,,,,,87381-42984:Justin Bailey,87381-42984,W,Justin,Justin Bailey,Bailey,2.514285769,14,3000,BOS@EDM,EDM,BOS,,,,,,W/UTIL
,,,,,,,,,,,,,87381-82929:Sheldon Rempal,87381-82929,W,Sheldon,Sheldon Rempal,Rempal,0,1,3000,VGK@COL,VGK,COL,,,,,,W/UTIL
,,,,,,,,,,,,,87381-79861:John Stevens,87381-79861,C,John,John Stevens,Stevens,,,3000,VAN@DAL,VAN,DAL,,,,,,C/UTIL
,,,,,,,,,,,,,87381-79866:Vinni Lettieri,87381-79866,W,Vinni,Vinni Lettieri,Lettieri,6.764516031,31,3000,BOS@EDM,BOS,EDM,IR,Lower body,,,,W/UTIL
