RylandID_master,rating,name,salary,pos,min,team_team,team_opp,proj_proj,proj_ceiling,proj_floor,proj_proj+/-,proj_pts/sal,lines_full,lines_pp,trends_pro,trends_my,trends_opp+/-,trends_bargain,time_b2b,time_rest,vegas_pts,vegas_opppts,vegas_ml,vegas_o/u,vegas_ml%,vegas_openml,fantasyyear_ppg,fantasyyear_+/-,fantasyyear_consistency,fantasyyear_upside,fantasyyear_duds,fantasyyear_count,fantasymonth_ppg,fantasymonth_consistency,fantasymonth_upside,fantasymonth_duds,fantasymonth_count,stats-year_g,stats-year_a,stats-year_pts,stats-year_toi,stats-year_pts/60,stats-year_s,stats-year_satt,stats-year_effs%,stats-year_s%,stats-year_blk,stats-year_s+blk,stats-year_corsifor,stats-year_cagst,stats-year_fnkfor,stats-year_ppg,stats-year_ppa,stats-year_pptoi,stats-year_pps,stats-year_ppsa,stats-year_ppeffs%,stats-year_shg,stats-year_sha,stats-year_esg,stats-year_esa,stats-year_pim,stats-year_eng,stats-year_spred,stats-month_g,stats-month_a,stats-month_pts,stats-month_toi,stats-month_pts/60,stats-month_s,stats-month_satt,stats-month_effs%,stats-month_s%,stats-month_blk,stats-month_s+blk,stats-month_corsifor,stats-month_crsagst,stats-month_ppg,stats-month_ppa,stats-month_pptoi,stats-month_pps,stats-15_corsifor,stats-15_s+blk,stats-15_s,stats-15_blk,stats-15_satt,stats-15_ppsatt,stats-15_toi,stats-15_pptoi,stats-15_ppg,stats-15_ppa,teamstats-year_sattpred,teamstats-year_sa,teamstats-year_oppsaag,teamstats-year_saag,teamstats-year_oppsa,teamstats-year_pps,teamstats-year_pp%,teamstats-year_opppks,teamstats-year_opppk%,teamstats-month_sa,teamstats-month_oppsaa,teamstats-month_saag,teamstats-month_oppsa,teamstats-month_pps,teamstats-month_pp%,teamstats-month_opppks,teamstats-month_opppk%,teamstats-15_oppsa,slate_id,stats-year_svpred,stats-year_sv,stats-year_wins,stats-year_loss,stats-year_min,stats-year_so,stats-month_sv,stats-month_ga,stats-month_wins,stats-15_wins,teamstats-year_oppsattpred,teamstats-year_oppg,teamstats-year_opps,teamstats-year_pks,teamstats-year_pk%,teamstats-year_opppps,teamstats-year_opppp%,teamstats-month_oppg,teamstats-month_opps,teamstats-month_pks,teamstats-month_pk%,teamstats-month_opppps,teamstats-month_opppp%,teamstats-15_opps,opp,Last Name_master,City Name_master,First Name_master,RylandID_master
matthews10000ca,96.08,Auston Matthews,10000,C,0,TOR,CHI-PMrazek,21.85,27.3,16.4,2.71,2.2,1,1,23,0,0.5,27,2,1,4.2,2.4,-302,6.5,89,-255,22.3,3,68,35,19,98,20.6,40,20,10,10,0.67,0.66,1.33,20.49,3.9,4.51,6.45,0.7,0.15,1.16,5.67,17.73,13.62,13.44,0.18,0.15,3.78,1.18,1.71,0.69,0,0,0.49,0.51,0.28,0.04,3.25,0.67,0.67,1.33,18.91,4.22,4,6,0.67,0.17,2.67,6.67,17.67,18,0,0.17,3.06,0.83,13.5,3.5,2.5,1,4,0,17.08,3.53,0,0.5,50.03,47.4,49.98,42.76,39.2,3.11,0.24,2.8,0.24,51.18,50.83,46.64,41.33,2.36,0.27,2.75,0.15,45.17,59,0,0,0,0,0,0,0,0,0,0,0,0,0,0,0,0,0,0,0,0,0,0,0,0,CHI,matthews,auston matthews,a,matthews10000ca
tavares8000cj,87.01,John Tavares,8000,C,0,TOR,CHI-PMrazek,16.58,20.8,12.4,1.54,2.1,2,1,9,0,-1.9,65,2,1,4.2,2.4,-302,6.5,89,-255,15.3,0.5,70,30,27,99,17.2,60,50,40,10,0.38,0.58,0.96,17.76,3.24,3.13,4.49,0.7,0.12,0.54,3.67,13.11,12.01,9.81,0.15,0.25,3.53,1.05,1.47,0.72,0,0,0.23,0.33,0.45,0.01,2.86,0.36,0.55,0.91,17.99,3.03,3.73,4.91,0.76,0.1,0.64,4.36,14.82,14.55,0.18,0.18,2.94,1.27,13.75,3,3,0,3.75,1,18.46,3.14,0.25,0,50.03,47.4,49.98,42.76,39.2,3.11,0.24,2.8,0.24,51.18,50.83,46.64,41.33,2.36,0.27,2.75,0.15,45.17,59,0,0,0,0,0,0,0,0,0,0,0,0,0,0,0,0,0,0,0,0,0,0,0,0,CHI,tavares,john tavares,j,tavares8000cj
hughes10100cj,86.43,Jack Hughes,10100,C,0,NJD,WPG-CHellebuyck,18.04,22.6,13.5,-1.31,1.8,1,1,16,0,-1.6,34,2,1,3.2,2.9,-125,6,55,-126,20.9,3.7,67,35,12,87,29.9,60,40,0,10,0.67,0.69,1.36,20.19,4.04,4.27,5.37,0.8,0.16,0.23,4.5,16.76,12.89,12.47,0.14,0.26,3.31,1.01,1.25,0.81,0,0,0.53,0.43,0.06,0.03,3.91,0.86,1.14,2,20.76,5.78,4.71,5.43,0.87,0.18,0.57,5.29,14.29,16.43,0,0.57,2.29,1.29,16.5,6,6,0,7,1,19.62,3.7,0,1,46.25,49.17,45.62,45.16,44.37,2.95,0.18,2.87,0.21,50.27,41.2,55.18,47.9,2.27,0.24,2.9,0.21,47.33,59,0,0,0,0,0,0,0,0,0,0,0,0,0,0,0,0,0,0,0,0,0,0,0,0,WPG,hughes,jack hughes,j,hughes10100cj
o'reilly4500cr,82.83,Ryan O'Reilly,4500,C,0,TOR,CHI-PMrazek,9.92,12.5,7.3,2.07,2.2,2,2,5,0,-1.9,93,2,1,4.2,2.4,-302,6.5,89,-255,11.2,1.7,52,29,32,96,16,33,22,0,9,0.34,0.33,0.68,18.88,2.16,2.13,2.63,0.81,0.16,0.55,2.68,12.21,13.02,9.07,0.1,0.07,2.24,0.33,0.54,0.62,0.01,0.01,0.23,0.25,0.23,0.01,2.23,0.5,0.5,1,17.5,3.43,2,2.5,0.8,0.25,0.75,2.75,13.25,14.5,0,0,1.52,0.25,13.25,2.75,2,0.75,2.5,0.25,17.5,1.52,0,0,50.03,47.4,49.98,42.76,39.2,3.11,0.24,2.8,0.24,51.18,50.83,46.64,41.33,2.36,0.27,2.75,0.15,45.17,59,0,0,0,0,0,0,0,0,0,0,0,0,0,0,0,0,0,0,0,0,0,0,0,0,CHI,o'reilly,ryan o'reilly,r,o'reilly4500cr
hischier7400cn,80.75,Nico Hischier,7400,C,0,NJD,WPG-CHellebuyck,14.14,17.7,10.5,0.33,1.9,2,1,16,0,-3.7,65,2,1,3.2,2.9,-125,6,55,-126,15.2,1.5,72,29,18,87,14.7,70,10,20,10,0.39,0.63,1.01,19.62,3.09,2.9,3.88,0.75,0.13,0.68,3.58,14.1,12.68,10.68,0.09,0.16,3.18,0.68,1.03,0.66,0.03,0.03,0.28,0.44,0.1,0.03,2.96,0.27,0.45,0.73,18.53,2.36,3.55,4.64,0.76,0.08,1.18,4.73,16.55,15.45,0,0.18,2.13,0.73,16.83,4.67,3.17,1.5,4.17,0.83,19.18,2.64,0,0.17,46.25,49.17,45.62,45.16,44.37,2.95,0.18,2.87,0.21,50.27,41.2,55.18,47.9,2.27,0.24,2.9,0.21,47.33,59,0,0,0,0,0,0,0,0,0,0,0,0,0,0,0,0,0,0,0,0,0,0,0,0,WPG,hischier,nico hischier,n,hischier7400cn
kerfoot4500ca,79.86,Alexander Kerfoot,4500,C,0,TOR,CHI-PMrazek,6.61,8.4,4.8,-1.24,1.5,4,0,1,0,0.4,58,2,1,4.2,2.4,-302,6.5,89,-255,8,-0.2,54,27,45,98,7,60,20,40,10,0.14,0.33,0.47,14.83,1.9,1.57,2.11,0.74,0.09,0.76,2.32,11.1,10.79,8.26,0.02,0.01,0.44,0.08,0.11,0.8,0.02,0.02,0.1,0.3,0.34,0.02,1.64,0,0.45,0.45,14.09,1.92,1.73,2.36,0.73,0,0.64,2.36,13.18,9.45,0,0,0.27,0.09,16.25,3.25,2,1.25,2.25,0.25,15.55,0.69,0,0,50.03,47.4,49.98,42.76,39.2,3.11,0.24,2.8,0.24,51.18,50.83,46.64,41.33,2.36,0.27,2.75,0.15,45.17,59,0,0,0,0,0,0,0,0,0,0,0,0,0,0,0,0,0,0,0,0,0,0,0,0,CHI,kerfoot,alexander kerfoot,a,kerfoot4500ca
jenner7700cb,78.80,Boone Jenner,7700,C,0,CLB,ARI-CIngram,15.96,20,11.9,1.54,2.1,1,1,22,0,-2.1,7,2,1,3.3,3.4,-100,6.5,42,114,13.4,0.7,48,18,13,90,16.3,90,45,9,11,0.34,0.32,0.66,20.36,1.94,3.13,4.64,0.67,0.11,1.07,4.2,14.91,16.02,10.89,0.11,0.04,2.91,0.52,1,0.52,0,0,0.23,0.29,0.54,0.04,3.49,0.42,0.25,0.67,20.45,1.97,3.67,5.83,0.63,0.11,1.33,5,15.33,15.33,0,0.08,3.2,0.58,14.4,5.6,4.4,1.2,7.2,2.4,21.08,4.06,0,0,47.84,43.07,49.99,50.55,38.51,2.71,0.18,3.43,0.24,46.33,50,52.42,42.58,2.67,0.22,3.92,0.13,40.83,59,0,0,0,0,0,0,0,0,0,0,0,0,0,0,0,0,0,0,0,0,0,0,0,0,ARI,jenner,boone jenner,b,jenner7700cb
dubois7500cp,78.39,Pierre-Luc Dubois,7500,C,0,WPG,NJD-MBlackwood,13.06,16.4,9.7,-0.95,1.7,1,2,15,0,0.9,50,1,3,2.9,3.2,105,6,45,105,14.3,1.1,69,30,28,85,12.8,75,12,25,8,0.34,0.54,0.88,18.72,2.82,2.92,4.35,0.67,0.12,0.57,3.49,13.62,13.69,10.81,0.15,0.15,3.38,0.94,1.21,0.78,0,0,0.19,0.39,1.21,0,3.26,0.3,0.2,0.5,19.9,1.51,3.6,5.22,0.69,0.08,0.3,3.9,14.4,11.2,0,0.1,4.92,1.4,15.33,4,3.67,0.33,5.33,1.67,20.11,4.43,0,0.33,49.11,44.37,45.16,45.62,49.17,3.14,0.23,2.94,0.21,47.9,55.18,41.2,50.27,4.5,0.13,2.73,0.2,51.67,59,0,0,0,0,0,0,0,0,0,0,0,0,0,0,0,0,0,0,0,0,0,0,0,0,NJD,dubois,pierre-luc dubois,p,dubois7500cp
hayton4500cb,76.26,Barrett Hayton,4500,C,0,ARI,CLB-EMerzlikins,13.01,16.3,9.7,5.16,2.9,1,1,11,0,-1.4,94,2,1,3.4,3.3,-120,6.5,58,-135,7.9,1,62,29,37,88,12.4,81,54,18,11,0.17,0.27,0.43,16.35,1.58,1.89,2.51,0.75,0.09,0.49,2.38,10.74,11.8,7.75,0.02,0.06,1.54,0.31,0.38,0.82,0,0,0.14,0.21,0.4,0.02,2.92,0.17,0.42,0.58,19.96,1.74,3,4.08,0.73,0.06,0.75,3.75,14.67,14.5,0.08,0.17,2.77,0.75,13.33,4.5,3.67,0.83,4.67,1.5,20.29,2.7,0,0.17,46.94,38.51,50.55,49.99,43.07,2.67,0.2,3.02,0.24,42.58,52.42,50,46.33,2.92,0.2,2.42,0.21,47.4,59,0,0,0,0,0,0,0,0,0,0,0,0,0,0,0,0,0,0,0,0,0,0,0,0,CLB,hayton,barrett hayton,b,hayton4500cb
acciari4100cn,74.60,Noel Acciari,4100,C,0,TOR,CHI-PMrazek,6.06,7.8,4.4,-0.97,1.5,4,0,1,0,0.4,50,2,1,4.2,2.4,-302,6.5,89,-255,6.8,0.2,49,20,32,97,3.9,33,0,44,9,0.16,0.16,0.31,13.48,1.38,1.36,1.85,0.74,0.12,0.89,2.25,9.18,10.68,7.13,0,0,0.18,0.01,0.01,1,0,0.02,0.16,0.13,0.25,0.04,1.9,0,0,0,16.33,0,2.2,2.89,0.76,0,0.9,3.1,11.3,11.4,0,0,0.37,0,12.5,4,3.25,0.75,3.75,0,15.44,0.08,0,0,50.03,47.4,49.98,42.76,39.2,3.11,0.24,2.8,0.24,51.18,50.83,46.64,41.33,2.36,0.27,2.75,0.15,45.17,59,0,0,0,0,0,0,0,0,0,0,0,0,0,0,0,0,0,0,0,0,0,0,0,0,CHI,acciari,noel acciari,n,acciari4100cn
roslovic4300cj,74.57,Jack Roslovic,4300,C,0,CLB,ARI-CIngram,9.01,11.4,6.6,1.57,2.1,3,2,2,0,-0.9,50,2,1,3.3,3.4,-100,6.5,42,114,9.5,1.9,54,28,42,90,5.4,45,9,54,11,0.21,0.43,0.63,16.89,2.24,1.62,2.11,0.77,0.13,0.57,2.2,10.95,13.26,8.18,0.06,0.08,2.03,0.26,0.4,0.65,0.02,0.01,0.13,0.33,0.21,0,1.96,0.08,0.42,0.5,13.68,2.19,1.08,1.25,0.87,0.08,0.5,1.58,9.83,11.25,0,0,1.59,0.08,9.6,1.2,0.4,0.8,0.4,0,13.34,2.04,0,0,47.84,43.07,49.99,50.55,38.51,2.71,0.18,3.43,0.24,46.33,50,52.42,42.58,2.67,0.22,3.92,0.13,40.83,59,0,0,0,0,0,0,0,0,0,0,0,0,0,0,0,0,0,0,0,0,0,0,0,0,ARI,roslovic,jack roslovic,j,roslovic4300cj
scheifele7200cm,73.13,Mark Scheifele,7200,C,0,WPG,NJD-MBlackwood,12.66,15.9,9.4,-0.74,1.8,2,1,10,0,-3.3,42,1,3,2.9,3.2,105,6,45,105,15,1.5,62,30,29,85,13.1,75,25,25,8,0.55,0.43,0.98,20.55,2.86,2.53,3.62,0.7,0.22,0.54,3.06,15.27,15.36,11.33,0.14,0.13,3.46,0.71,1.08,0.65,0,0,0.41,0.3,0.6,0.03,2.64,0.6,0.3,0.9,20.59,2.62,3,4.33,0.69,0.2,0.4,3.4,14.4,14.5,0,0.2,4.91,0.7,14.33,4,3.67,0.33,5.33,1.33,20.41,4.41,0,0,49.11,44.37,45.16,45.62,49.17,3.14,0.23,2.94,0.21,47.9,55.18,41.2,50.27,4.5,0.13,2.73,0.2,51.67,59,0,0,0,0,0,0,0,0,0,0,0,0,0,0,0,0,0,0,0,0,0,0,0,0,NJD,scheifele,mark scheifele,m,scheifele7200cm
haula4300ce,72.82,Erik Haula,4300,C,0,NJD,WPG-CHellebuyck,8.65,11,6.3,1.21,2,3,2,5,0,-2.1,71,2,1,3.2,2.9,-125,6,55,-126,9.5,1.9,70,31,28,95,8.1,70,30,30,10,0.2,0.36,0.56,16.15,2.08,1.91,2.7,0.71,0.1,0.66,2.57,14.27,11.45,10.89,0.03,0.02,1.18,0.19,0.23,0.82,0.01,0,0.16,0.34,0.73,0,2.13,0.18,0.18,0.36,16.61,1.3,2.45,3.18,0.77,0.07,0.82,3.27,12.45,14.27,0,0,0.79,0.18,12.83,4.17,3,1.17,4,0.17,17.67,1.08,0,0,46.25,49.17,45.62,45.16,44.37,2.95,0.18,2.87,0.21,50.27,41.2,55.18,47.9,2.27,0.24,2.9,0.21,47.33,59,0,0,0,0,0,0,0,0,0,0,0,0,0,0,0,0,0,0,0,0,0,0,0,0,WPG,haula,erik haula,e,haula4300ce
kampf3700cd,72.36,David Kampf,3700,C,0,TOR,CHI-PMrazek,5.92,7.6,4.3,-0.29,1.6,3,0,1,0,0.6,58,2,1,4.2,2.4,-302,6.5,89,-255,5.7,-1,54,22,45,98,6.5,80,30,20,10,0.12,0.19,0.31,15.64,1.19,1.37,1.78,0.77,0.09,0.34,1.72,10.84,10.56,8.3,0,0,0.08,0.02,0.03,0.67,0.01,0.03,0.11,0.16,0.14,0.02,1.75,0.09,0.18,0.27,15.74,1.03,1.91,2.64,0.72,0.05,0.27,2.18,13.45,11.73,0,0,0,0,13.25,2.25,2,0.25,2.75,0,13.92,0,0,0,50.03,47.4,49.98,42.76,39.2,3.11,0.24,2.8,0.24,51.18,50.83,46.64,41.33,2.36,0.27,2.75,0.15,45.17,59,0,0,0,0,0,0,0,0,0,0,0,0,0,0,0,0,0,0,0,0,0,0,0,0,CHI,kampf,david kampf,d,kampf3700cd
mercer4500cd,71.00,Dawson Mercer,4500,C,0,NJD,WPG-CHellebuyck,8.31,10.6,6.1,0.46,1.8,2,2,2,0,-3.7,71,2,1,3.2,2.9,-125,6,55,-126,9.2,0.4,56,29,43,87,7.8,30,30,70,10,0.22,0.31,0.53,16.27,1.95,1.9,2.42,0.78,0.12,0.6,2.49,12.67,12.52,9.36,0.02,0.03,1.47,0.21,0.31,0.69,0.01,0.02,0.18,0.25,0.25,0,2.2,0.27,0.18,0.45,15.42,1.75,1.36,1.91,0.71,0.2,0.73,2.09,9.91,12.73,0,0,0.94,0.18,10,2.17,1.83,0.33,2,0,16.22,1.14,0,0,46.25,49.17,45.62,45.16,44.37,2.95,0.18,2.87,0.21,50.27,41.2,55.18,47.9,2.27,0.24,2.9,0.21,47.33,59,0,0,0,0,0,0,0,0,0,0,0,0,0,0,0,0,0,0,0,0,0,0,0,0,WPG,mercer,dawson mercer,d,mercer4500cd
bjugstad4600cn,68.83,Nick Bjugstad,4600,C,0,ARI,CLB-EMerzlikins,10.62,13.4,7.8,2.56,2.3,3,1,3,0,-0.6,58,2,1,3.4,3.3,-120,6.5,58,-135,6.8,0.3,51,23,36,98,7.6,72,18,27,11,0.19,0.18,0.36,14.69,1.47,1.64,2.39,0.68,0.12,0.35,1.99,10.15,11.47,7.47,0.02,0,0.43,0.06,0.15,0.42,0.01,0,0.15,0.18,0.45,0,2,0.17,0.08,0.25,17.65,0.85,2.42,3.5,0.69,0.07,0.5,2.92,13.08,14.42,0.08,0,0.76,0.25,14.5,3.33,2.5,0.83,4.17,1,18.57,1.37,0.17,0,46.94,38.51,50.55,49.99,43.07,2.67,0.2,3.02,0.24,42.58,52.42,50,46.33,2.92,0.2,2.42,0.21,47.4,59,0,0,0,0,0,0,0,0,0,0,0,0,0,0,0,0,0,0,0,0,0,0,0,0,CLB,bjugstad,nick bjugstad,n,bjugstad4600cn
kuraly4000cs,68.75,Sean Kuraly,4000,C,0,CLB,ARI-CIngram,6.86,8.8,5,0.03,1.7,4,0,1,0,2.5,50,2,1,3.3,3.4,-100,6.5,42,114,7.1,-0.3,45,23,44,90,7.1,45,27,54,11,0.19,0.16,0.35,15.51,1.35,1.53,2.05,0.75,0.13,0.75,2.28,10.38,13.04,7.63,0,0.01,0.23,0.01,0.04,0.33,0.01,0.02,0.18,0.12,1.06,0.06,1.36,0.17,0.17,0.33,15.31,1.29,1.5,2.25,0.67,0.11,0.67,2.17,13.5,12.33,0,0,0.22,0.08,15.8,2.2,1.6,0.6,2.4,0,15.92,0.04,0,0,47.84,43.07,49.99,50.55,38.51,2.71,0.18,3.43,0.24,46.33,50,52.42,42.58,2.67,0.22,3.92,0.13,40.83,59,0,0,0,0,0,0,0,0,0,0,0,0,0,0,0,0,0,0,0,0,0,0,0,0,ARI,kuraly,sean kuraly,s,kuraly4000cs
boyd3500ct,66.01,Travis Boyd,3500,C,0,ARI,CLB-EMerzlikins,7.92,10.1,5.8,2.12,2.3,2,2,5,0,-1.1,71,2,1,3.4,3.3,-120,6.5,58,-135,6.5,-0.7,48,26,51,88,6.7,63,36,36,11,0.16,0.21,0.37,16.8,1.32,1.12,1.6,0.7,0.14,0.7,1.82,10.27,14.47,7.73,0.02,0.04,2.06,0.22,0.3,0.73,0,0,0.13,0.17,0.29,0,1.69,0.17,0.25,0.42,14.67,1.72,1,1.5,0.67,0.17,0.83,1.83,9.5,13.75,0,0,1.04,0.08,7.17,0.83,0.33,0.5,0.5,0.17,12.82,1.24,0,0,46.94,38.51,50.55,49.99,43.07,2.67,0.2,3.02,0.24,42.58,52.42,50,46.33,2.92,0.2,2.42,0.21,47.4,59,0,0,0,0,0,0,0,0,0,0,0,0,0,0,0,0,0,0,0,0,0,0,0,0,CLB,boyd,travis boyd,t,boyd3500ct
johnson4300ck,64.85,Kent Johnson,4300,C,0,CLB,ARI-CIngram,9.61,12.2,7.1,2.17,2.2,2,1,3,0,-1.9,27,2,1,3.3,3.4,-100,6.5,42,114,7.1,-0.5,46,27,46,66,9.9,45,45,54,11,0.19,0.27,0.46,13.53,2.04,1.27,1.82,0.7,0.15,0.37,1.63,9.56,10.86,6.8,0.03,0.1,1.58,0.16,0.25,0.67,0,0,0.16,0.17,0.22,0,2.07,0.33,0.25,0.58,14.83,2.35,1.67,1.92,0.87,0.2,0.58,2.25,8.92,14,0,0,1.45,0.08,8.2,2.4,1.8,0.6,1.8,0.2,13.3,1.75,0,0,47.84,43.07,49.99,50.55,38.51,2.71,0.18,3.43,0.24,46.33,50,52.42,42.58,2.67,0.22,3.92,0.13,40.83,59,0,0,0,0,0,0,0,0,0,0,0,0,0,0,0,0,0,0,0,0,0,0,0,0,ARI,johnson,kent johnson,k,johnson4300ck
sillinger3500cc,62.87,Cole Sillinger,3500,C,0,CLB,ARI-CIngram,8.17,10.4,6,2.37,2.3,2,2,5,0,-1.9,71,2,1,3.3,3.4,-100,6.5,42,114,6.1,-0.5,57,16,36,90,4.8,72,9,27,11,0.13,0.14,0.27,13.33,1.22,1.56,2.15,0.73,0.08,0.56,2.13,9.78,11.8,7.26,0.01,0.01,0.77,0.15,0.17,0.93,0,0,0.12,0.13,0.38,0.01,2.08,0,0.08,0.08,14.53,0.33,1.42,2.25,0.63,0,1.08,2.5,10,15.08,0,0,1.04,0.08,8.6,2.4,1.8,0.6,2.2,0.2,13.51,1.68,0,0,47.84,43.07,49.99,50.55,38.51,2.71,0.18,3.43,0.24,46.33,50,52.42,42.58,2.67,0.22,3.92,0.13,40.83,59,0,0,0,0,0,0,0,0,0,0,0,0,0,0,0,0,0,0,0,0,0,0,0,0,ARI,sillinger,cole sillinger,c,sillinger3500cc
mcleod3900cm,59.14,Michael McLeod,3900,C,0,NJD,WPG-CHellebuyck,4.35,5.6,3.1,-2.27,1.1,4,0,1,0,-1.6,34,2,1,3.2,2.9,-125,6,55,-126,5.2,-1.1,55,19,43,87,3,60,10,40,10,0.05,0.24,0.29,12.13,1.44,1.05,1.35,0.78,0.04,0.63,1.67,9.45,10.4,7.07,0,0,0.07,0.02,0.02,1,0,0.01,0.05,0.23,0.65,0.01,1.13,0,0.09,0.09,12.74,0.42,0.82,0.91,0.9,0,0.73,1.55,10.45,13.36,0,0,0.04,0,10.67,1.5,1,0.5,1.17,0,12.41,0.04,0,0,46.25,49.17,45.62,45.16,44.37,2.95,0.18,2.87,0.21,50.27,41.2,55.18,47.9,2.27,0.24,2.9,0.21,47.33,59,0,0,0,0,0,0,0,0,0,0,0,0,0,0,0,0,0,0,0,0,0,0,0,0,WPG,mcleod,michael mcleod,m,mcleod3900cm
mcbain3600cj,58.55,Jack McBain,3600,C,0,ARI,CLB-EMerzlikins,5.9,7.5,4.3,-0.11,1.6,4,0,1,0,-0.7,58,2,1,3.4,3.3,-120,6.5,58,-135,4.9,-1.3,55,16,44,56,3.6,54,9,45,11,0.14,0.08,0.21,13.37,0.94,1.12,1.54,0.73,0.12,0.7,1.82,8,11.56,6.03,0,0,0.09,0,0.03,0,0,0,0.14,0.08,0.76,0.03,1.07,0.08,0,0.08,12.69,0.38,1.17,1.67,0.7,0.07,0.5,1.67,9.25,11.08,0,0,0.01,0,7.17,1,0.5,0.5,1,0,11.06,0,0,0,46.94,38.51,50.55,49.99,43.07,2.67,0.2,3.02,0.24,42.58,52.42,50,46.33,2.92,0.2,2.42,0.21,47.4,59,0,0,0,0,0,0,0,0,0,0,0,0,0,0,0,0,0,0,0,0,0,0,0,0,CLB,mcbain,jack mcbain,j,mcbain3600cj
lowry4100ca,58.37,Adam Lowry,4100,C,0,WPG,NJD-MBlackwood,5.82,7.5,4.2,-1.21,1.4,3,0,0,0,-3.4,50,1,3,2.9,3.2,105,6,45,105,7.8,-0.1,54,22,42,85,5.3,50,12,50,8,0.2,0.22,0.42,15.5,1.63,1.65,2.23,0.74,0.12,0.62,2.27,9.98,10.94,7.45,0,0.03,1.31,0.15,0.24,0.6,0.06,0.01,0.14,0.17,0.59,0.02,1.32,0,0.2,0.2,15.11,0.79,0.9,1.78,0.51,0,0.8,1.7,10.4,9.6,0,0.1,1.54,0,10.67,2.67,1,1.67,1.67,0.33,14.3,0.04,0,0,49.11,44.37,45.16,45.62,49.17,3.14,0.23,2.94,0.21,47.9,55.18,41.2,50.27,4.5,0.13,2.73,0.2,51.67,59,0,0,0,0,0,0,0,0,0,0,0,0,0,0,0,0,0,0,0,0,0,0,0,0,NJD,lowry,adam lowry,a,lowry4100ca
pederson3800cl,50.65,Lane Pederson,3800,C,0,CLB,ARI-CIngram,6.6,8.4,4.8,0.18,1.7,2,2,4,0,-1.9,58,2,1,3.3,3.4,-100,6.5,42,114,5.5,0.1,10,3,10,56,1.6,0,0,20,10,0.07,0.13,0.2,11.75,1.02,1.27,1.38,0.91,0.05,0.6,1.87,8.5,9.92,6.58,0,0,0.6,0.08,0.08,1,0,0,0.07,0.13,1.13,0,1.61,0,0,0,10.49,0,0.67,1,0.67,0,0.33,1,6.67,10.33,0,0,0.31,0,7,1,0,1,0,0,9.13,0.93,0,0,47.84,43.07,49.99,50.55,38.51,2.71,0.18,3.43,0.24,46.33,50,52.42,42.58,2.67,0.22,3.92,0.13,40.83,59,0,0,0,0,0,0,0,0,0,0,0,0,0,0,0,0,0,0,0,0,0,0,0,0,ARI,pederson,lane pederson,l,pederson3800cl
barron4100cm,50.18,Morgan Barron,4100,C,0,WPG,NJD-MBlackwood,6.35,8.1,4.6,-0.68,1.5,4,0,0,0,-2.3,34,1,3,2.9,3.2,105,6,45,105,5.4,-0.7,39,12,35,82,5.4,50,25,50,8,0.11,0.16,0.27,12.91,1.25,1.63,2.11,0.77,0.07,0.61,2.24,10,10.35,7.63,0,0.02,0.07,0,0,0,0.02,0,0.1,0.15,0.32,0.02,1.54,0,0.2,0.2,14.83,0.81,1.8,2.33,0.77,0,0.8,2.6,13.1,10.8,0,0,0.06,0,11,2.33,1.67,0.67,2.33,0,13.41,0.04,0,0,49.11,44.37,45.16,45.62,49.17,3.14,0.23,2.94,0.21,47.9,55.18,41.2,50.27,4.5,0.13,2.73,0.2,51.67,59,0,0,0,0,0,0,0,0,0,0,0,0,0,0,0,0,0,0,0,0,0,0,0,0,NJD,barron,morgan barron,m,barron4100cm
domi5300cm,46.60,Max Domi,5300,C,0,CHI,TOR-ISamsonov,10.81,13.6,8,1.31,2,1,1,4,0,-3.6,65,0,2,2.4,4.2,245,6.5,11,205,8.7,0.1,50,25,50,100,9.7,63,18,36,11,0.19,0.4,0.59,15.32,2.31,1.78,2.42,0.74,0.1,0.21,1.99,11.2,13.25,8.61,0.07,0.1,2.2,0.5,0.64,0.78,0,0,0.12,0.3,0.97,0.01,2.34,0.08,0.58,0.67,17.96,2.24,1.92,2.58,0.74,0.04,0.42,2.33,12,14.58,0,0,2.99,0.5,12.33,2,1.5,0.5,2.33,0.67,18.6,3.61,0,0,44.36,39.2,42.76,49.98,47.4,2.89,0.18,3.1,0.22,41.33,46.64,50.83,51.18,2.33,0.04,3,0.09,52.75,59,0,0,0,0,0,0,0,0,0,0,0,0,0,0,0,0,0,0,0,0,0,0,0,0,TOR,domi,max domi,m,domi5300cm
lafferty4300cs,44.79,Sam Lafferty,4300,C,0,CHI,TOR-ISamsonov,8.18,10.4,6,0.74,1.9,3,2,3,0,-3.6,65,0,2,2.4,4.2,245,6.5,11,205,7,0.4,57,27,35,84,12.4,72,54,27,11,0.18,0.22,0.39,14.79,1.58,1.49,1.92,0.78,0.12,0.43,1.92,9.48,11.92,6.99,0,0,0.34,0.03,0.08,0.33,0.05,0.01,0.13,0.2,0.59,0,1.77,0.42,0.25,0.67,16.1,2.5,2.17,2.67,0.81,0.19,0.5,2.67,11.67,12.42,0,0,1.27,0.17,13.33,2.17,2,0.17,2.83,0.67,16.54,1.68,0,0,44.36,39.2,42.76,49.98,47.4,2.89,0.18,3.1,0.22,41.33,46.64,50.83,51.18,2.33,0.04,3,0.09,52.75,59,0,0,0,0,0,0,0,0,0,0,0,0,0,0,0,0,0,0,0,0,0,0,0,0,TOR,lafferty,sam lafferty,s,lafferty4300cs
johnson3400cr,20.71,Reese Johnson,3400,C,0,CHI,TOR-ISamsonov,3.4,4.4,2.4,-2.2,1,4,0,0,0,-3.4,71,0,2,2.4,4.2,245,6.5,11,205,3,-1.7,32,4,41,84,3.9,54,9,45,11,0.06,0.06,0.13,10.7,0.73,0.83,1.21,0.68,0.08,0.36,1.19,6.42,9.95,4.76,0,0,0.04,0,0.03,0,0,0,0.06,0.06,0.7,0,1.23,0.17,0,0.17,11.18,0.91,1.33,1.75,0.76,0.12,0.42,1.75,7.08,9.33,0,0,0,0,8.33,1.5,1.17,0.33,1.33,0,11.13,0,0,0,44.36,39.2,42.76,49.98,47.4,2.89,0.18,3.1,0.22,41.33,46.64,50.83,51.18,2.33,0.04,3,0.09,52.75,59,0,0,0,0,0,0,0,0,0,0,0,0,0,0,0,0,0,0,0,0,0,0,0,0,TOR,johnson,reese johnson,r,johnson3400cr
marner8300wm,91.31,Mitch Marner,8300,W,0,TOR,CHI-PMrazek,16.57,20.7,12.4,1.11,2,2,1,7,0,-1.8,6,2,1,4.2,2.4,-302,6.5,89,-255,17.6,1.7,81,28,14,98,14.3,80,0,20,10,0.41,0.88,1.29,21.26,3.64,2.77,3.96,0.7,0.15,0.55,3.32,15.18,11.62,11.2,0.08,0.34,3.67,0.74,0.97,0.77,0.03,0.02,0.3,0.52,0.29,0.01,2.49,0.27,0.73,1,21.28,2.82,2.64,3.27,0.81,0.1,0.45,3.09,15,15.45,0.09,0.36,2.99,0.55,13.5,2.25,2.25,0,2.75,1,21.03,3.22,0,0.5,50.03,47.4,49.98,42.76,39.2,3.11,0.24,2.8,0.24,51.18,50.83,46.64,41.33,2.36,0.27,2.75,0.15,45.17,59,0,0,0,0,0,0,0,0,0,0,0,0,0,0,0,0,0,0,0,0,0,0,0,0,CHI,marner,mitch marner,m,marner8300wm
nylander8800ww,91.03,William Nylander,8800,W,0,TOR,CHI-PMrazek,17.91,22.4,13.4,1.48,2,1,1,24,0,-1.9,16,2,1,4.2,2.4,-302,6.5,89,-255,17.1,2.2,79,33,16,98,21.2,90,30,10,10,0.53,0.58,1.11,18.23,3.65,3.37,4.69,0.72,0.16,0.38,3.74,14.23,12.51,10.83,0.16,0.18,3.65,0.83,1.23,0.67,0,0,0.37,0.4,0.27,0.02,3.44,0.64,0.73,1.36,17.61,4.63,4,5.55,0.72,0.16,0.18,4.18,16.18,13.91,0.09,0.18,2.87,0.91,16,5,4.75,0.25,6.25,1.5,17.8,3.05,0,0.25,50.03,47.4,49.98,42.76,39.2,3.11,0.24,2.8,0.24,51.18,50.83,46.64,41.33,2.36,0.27,2.75,0.15,45.17,59,0,0,0,0,0,0,0,0,0,0,0,0,0,0,0,0,0,0,0,0,0,0,0,0,CHI,nylander,william nylander,w,nylander8800ww
keller6900wc,86.97,Clayton Keller,6900,W,0,ARI,CLB-EMerzlikins,17.07,21.4,12.8,4.34,2.5,1,1,10,0,-0.1,66,2,1,3.4,3.3,-120,6.5,58,-135,14,1.2,57,27,25,88,18,54,45,45,11,0.44,0.55,0.99,20.64,2.88,2.33,3.17,0.74,0.19,0.33,2.67,12.44,15.11,9.57,0.09,0.17,3.11,0.49,0.66,0.75,0,0,0.35,0.37,0.49,0.07,2.85,0.67,0.5,1.17,20.94,3.35,3,4.75,0.63,0.22,0.17,3.17,16,14.25,0.08,0.17,3.12,0.33,14.67,3,2.83,0.17,4.5,0.67,20.37,3.04,0.17,0.33,46.94,38.51,50.55,49.99,43.07,2.67,0.2,3.02,0.24,42.58,52.42,50,46.33,2.92,0.2,2.42,0.21,47.4,59,0,0,0,0,0,0,0,0,0,0,0,0,0,0,0,0,0,0,0,0,0,0,0,0,CLB,keller,clayton keller,c,keller6900wc
schmaltz6300wn,86.56,Nick Schmaltz,6300,W,0,ARI,CLB-EMerzlikins,15.65,19.6,11.7,4.09,2.5,1,1,8,0,-0.1,78,2,1,3.4,3.3,-120,6.5,58,-135,14.1,3.1,53,32,28,89,18.1,63,45,36,11,0.39,0.62,1.01,19.81,3.06,2.12,2.84,0.75,0.18,0.53,2.65,12.74,14.67,9.74,0.11,0.08,2.8,0.52,0.66,0.79,0,0,0.28,0.54,0.27,0.04,2.61,0.58,0.58,1.17,20.76,3.38,2.42,3,0.81,0.24,0.67,3.08,15.42,14.58,0.17,0.17,3.1,0.92,13.83,2.83,2.17,0.67,2.33,0.67,20.95,2.9,0.17,0.17,46.94,38.51,50.55,49.99,43.07,2.67,0.2,3.02,0.24,42.58,52.42,50,46.33,2.92,0.2,2.42,0.21,47.4,59,0,0,0,0,0,0,0,0,0,0,0,0,0,0,0,0,0,0,0,0,0,0,0,0,CLB,schmaltz,nick schmaltz,n,schmaltz6300wn
bunting6000wm,84.56,Michael Bunting,6000,W,0,TOR,CHI-PMrazek,11.36,14.3,8.4,0.39,1.9,1,2,6,0,-1.9,42,2,1,4.2,2.4,-302,6.5,89,-255,11.2,1.2,57,28,38,98,10.7,40,20,60,10,0.27,0.51,0.78,16.09,2.91,2.08,3.16,0.66,0.13,0.29,2.38,15.73,12.71,11.73,0.05,0.06,1.8,0.23,0.33,0.7,0,0,0.22,0.44,1.31,0.02,2.5,0.36,0.36,0.73,16.09,2.72,2.18,3.45,0.63,0.17,0.18,2.36,15.45,16.09,0.18,0.09,1.86,0.27,14.75,2.5,2.25,0.25,3.5,0.75,16.22,2.17,0.25,0.25,50.03,47.4,49.98,42.76,39.2,3.11,0.24,2.8,0.24,51.18,50.83,46.64,41.33,2.36,0.27,2.75,0.15,45.17,59,0,0,0,0,0,0,0,0,0,0,0,0,0,0,0,0,0,0,0,0,0,0,0,0,CHI,bunting,michael bunting,m,bunting6000wm
laine7600wp,83.32,Patrik Laine,7600,W,0,CLB,ARI-CIngram,16.54,20.7,12.4,2.45,2.2,1,1,12,0,-2.2,78,2,1,3.3,3.4,-100,6.5,42,114,14.1,0.2,56,27,20,90,14.6,63,36,36,11,0.37,0.5,0.87,19.37,2.69,3.29,4.7,0.7,0.11,0.32,3.62,14.26,15.03,10.52,0.07,0.15,3.5,0.97,1.49,0.65,0,0,0.29,0.35,0.38,0,2.87,0.25,0.75,1,19.1,3.14,2.42,4,0.6,0.1,0.58,3,14.67,14.67,0.17,0.33,3.39,0.83,12.6,2.2,1.8,0.4,3.2,2.4,17.34,4.22,0.2,0.2,47.84,43.07,49.99,50.55,38.51,2.71,0.18,3.43,0.24,46.33,50,52.42,42.58,2.67,0.22,3.92,0.13,40.83,59,0,0,0,0,0,0,0,0,0,0,0,0,0,0,0,0,0,0,0,0,0,0,0,0,ARI,laine,patrik laine,p,laine7600wp
bratt7100wj,80.16,Jesper Bratt,7100,W,0,NJD,WPG-CHellebuyck,13.08,16.4,9.7,-0.04,1.8,1,1,8,0,-4.2,66,2,1,3.2,2.9,-125,6,55,-126,14.4,0.7,73,32,21,87,11.9,80,20,20,10,0.4,0.58,0.98,17.84,3.3,2.52,3.68,0.69,0.16,0.4,2.92,16.01,12.26,12.13,0.08,0.22,3.03,0.39,0.58,0.67,0,0,0.31,0.36,0.07,0.01,2.59,0.36,0.45,0.82,18.06,2.72,2.18,3.18,0.69,0.17,0.09,2.27,17.27,16.18,0.09,0.09,2.06,0.18,17.67,2.5,2.33,0.17,3.5,0.5,17.93,2.57,0.17,0.17,46.25,49.17,45.62,45.16,44.37,2.95,0.18,2.87,0.21,50.27,41.2,55.18,47.9,2.27,0.24,2.9,0.21,47.33,59,0,0,0,0,0,0,0,0,0,0,0,0,0,0,0,0,0,0,0,0,0,0,0,0,WPG,bratt,jesper bratt,j,bratt7100wj
connor8700wk,79.38,Kyle Connor,8700,W,0,WPG,NJD-MBlackwood,16.37,20.5,12.3,0.13,1.9,1,2,30,0,-2,58,1,3,2.9,3.2,105,6,45,105,17.9,2.1,75,31,21,85,12.7,62,12,37,8,0.51,0.67,1.19,21.02,3.4,3.44,4.71,0.73,0.15,0.34,3.78,14.67,15.07,11.41,0.12,0.27,3.42,1.01,1.49,0.68,0.02,0,0.37,0.41,0.16,0.03,3.66,0.3,0.5,0.8,21.52,2.23,4.2,6.11,0.69,0.07,0.1,4.3,15.2,11.6,0.2,0.1,4.97,2.2,17.67,5.33,5,0.33,7,4.33,20.98,4.41,0.33,0.33,49.11,44.37,45.16,45.62,49.17,3.14,0.23,2.94,0.21,47.9,55.18,41.2,50.27,4.5,0.13,2.73,0.2,51.67,59,0,0,0,0,0,0,0,0,0,0,0,0,0,0,0,0,0,0,0,0,0,0,0,0,NJD,connor,kyle connor,k,connor8700wk
engvall4100wp,78.33,Pierre Engvall,4100,W,0,TOR,CHI-PMrazek,7,8.9,5.1,-0.27,1.7,3,0,1,0,-1.3,72,2,1,4.2,2.4,-302,6.5,89,-255,7.6,0.5,58,31,37,98,8.1,50,30,50,10,0.22,0.23,0.45,13.59,1.99,1.88,2.64,0.71,0.12,0.13,2,11.8,9.96,8.84,0.01,0.01,0.69,0.08,0.11,0.7,0.02,0.01,0.19,0.21,0.47,0.03,2.03,0.27,0.18,0.45,14.1,1.91,2.09,3.18,0.66,0.13,0.09,2.18,13.73,11,0,0,1.13,0.09,14.5,3.25,3,0.25,3.5,0.25,13.82,1.58,0,0,50.03,47.4,49.98,42.76,39.2,3.11,0.24,2.8,0.24,51.18,50.83,46.64,41.33,2.36,0.27,2.75,0.15,45.17,59,0,0,0,0,0,0,0,0,0,0,0,0,0,0,0,0,0,0,0,0,0,0,0,0,CHI,engvall,pierre engvall,p,engvall4100wp
crouse6100wl,77.76,Lawson Crouse,6100,W,0,ARI,CLB-EMerzlikins,11.9,15,8.8,0.73,2,3,2,6,0,0.3,4,2,1,3.4,3.3,-120,6.5,58,-135,10.1,0.8,42,25,32,88,10.2,36,18,36,11,0.39,0.23,0.62,17.71,2.1,1.87,2.54,0.74,0.21,0.67,2.54,10.7,13.85,7.7,0.1,0.01,2.08,0.28,0.41,0.68,0.01,0,0.28,0.22,0.54,0.04,2.05,0.38,0.13,0.5,17.69,1.7,2.13,3.13,0.68,0.18,0.75,2.88,12.13,13.75,0.13,0,1.31,0.13,13.5,3.5,2.83,0.67,4.17,0.5,18.73,1.42,0.17,0,46.94,38.51,50.55,49.99,43.07,2.67,0.2,3.02,0.24,42.58,52.42,50,46.33,2.92,0.2,2.42,0.21,47.4,59,0,0,0,0,0,0,0,0,0,0,0,0,0,0,0,0,0,0,0,0,0,0,0,0,CLB,crouse,lawson crouse,l,crouse6100wl
palat4800wo,73.68,Ondrej Palat,4800,W,0,NJD,WPG-CHellebuyck,10.5,13.2,7.8,1.87,2.2,3,1,2,0,-0.2,50,2,1,3.2,2.9,-125,6,55,-126,9.4,0.5,42,19,24,103,12.7,90,40,10,10,0.25,0.41,0.66,16.12,2.46,1.76,2.23,0.79,0.14,0.76,2.52,13.36,13.17,9.88,0,0.08,1.77,0.25,0.33,0.76,0,0.01,0.25,0.32,0.23,0.04,1.77,0.27,0.55,0.82,16.95,2.9,1.82,2.36,0.77,0.15,1.27,3.09,15.91,16.55,0,0.18,1.64,0.27,14.33,2.83,1.67,1.17,2.17,0.17,17.09,2.39,0,0.33,46.25,49.17,45.62,45.16,44.37,2.95,0.18,2.87,0.21,50.27,41.2,55.18,47.9,2.27,0.24,2.9,0.21,47.33,59,0,0,0,0,0,0,0,0,0,0,0,0,0,0,0,0,0,0,0,0,0,0,0,0,WPG,palat,ondrej palat,o,palat4800wo
zetterlund3900wf,72.44,Fabian Zetterlund,3900,W,0,NJD,WPG-CHellebuyck,6.48,8.3,4.7,-0.4,1.7,3,0,1,0,-0.2,66,2,1,3.2,2.9,-125,6,55,-126,8.3,0.4,40,17,20,87,8.2,50,40,30,10,0.15,0.36,0.51,13.53,2.26,2.11,2.92,0.72,0.07,0.32,2.43,12.76,10.98,9.51,0.02,0.04,0.99,0.28,0.38,0.74,0,0,0.13,0.32,0.11,0,1.69,0,0.63,0.63,14.1,2.68,1.75,2.38,0.74,0,0.25,2,13.5,13.88,0,0,0.02,0,13.67,2,1.83,0.17,2.67,0,13.8,0,0,0,46.25,49.17,45.62,45.16,44.37,2.95,0.18,2.87,0.21,50.27,41.2,55.18,47.9,2.27,0.24,2.9,0.21,47.33,59,0,0,0,0,0,0,0,0,0,0,0,0,0,0,0,0,0,0,0,0,0,0,0,0,WPG,zetterlund,fabian zetterlund,f,zetterlund3900wf
marchenko5700wk,71.62,Kirill Marchenko,5700,W,0,CLB,ARI-CIngram,11.74,14.8,8.7,1.35,2.1,1,1,4,0,-2.2,42,2,1,3.3,3.4,-100,6.5,42,114,10.1,1.6,51,37,48,29,10.4,45,36,54,11,0.44,0.03,0.47,14.34,1.97,1.91,2.63,0.73,0.23,0.63,2.53,10.23,12.84,7.26,0.19,0,1.95,0.47,0.59,0.79,0,0,0.25,0.03,0.31,0,2.67,0.42,0.08,0.5,16.83,1.78,2.17,2.75,0.79,0.19,0.42,2.58,11.33,14.33,0.25,0,2.78,0.58,12.8,2.6,2.2,0.4,2.8,0.8,17.87,3.64,0,0,47.84,43.07,49.99,50.55,38.51,2.71,0.18,3.43,0.24,46.33,50,52.42,42.58,2.67,0.22,3.92,0.13,40.83,59,0,0,0,0,0,0,0,0,0,0,0,0,0,0,0,0,0,0,0,0,0,0,0,0,ARI,marchenko,kirill marchenko,k,marchenko5700wk
ehlers8000wn,71.38,Nikolaj Ehlers,8000,W,0,WPG,NJD-MBlackwood,12.94,16.2,9.6,-1.93,1.6,3,2,20,0,-4.3,58,1,3,2.9,3.2,105,6,45,105,17.3,1.4,42,18,7,85,13.2,50,12,25,8,0.4,0.66,1.06,17.08,3.72,3.72,5.27,0.71,0.11,0.36,4.09,14.87,12.53,11.71,0.11,0.15,2.52,0.62,0.84,0.74,0,0,0.3,0.51,0.21,0,2.89,0.1,0.6,0.7,16.37,2.57,3.8,5.78,0.66,0.03,0.1,3.9,13.6,12.2,0.1,0.1,3.6,1,14,4.33,4,0.33,4.67,1,14.47,1.38,0,0,49.11,44.37,45.16,45.62,49.17,3.14,0.23,2.94,0.21,47.9,55.18,41.2,50.27,4.5,0.13,2.73,0.2,51.67,59,0,0,0,0,0,0,0,0,0,0,0,0,0,0,0,0,0,0,0,0,0,0,0,0,NJD,ehlers,nikolaj ehlers,n,ehlers8000wn
jarnkrok5100wc,71.18,Calle Jarnkrok,5100,W,0,TOR,CHI-PMrazek,7.86,10,5.7,-1.36,1.5,3,2,3,0,-1.3,21,2,1,4.2,2.4,-302,6.5,89,-255,7.1,-0.8,46,22,42,101,9.4,70,40,30,10,0.18,0.29,0.47,14.28,1.97,1.44,2,0.72,0.12,0.26,1.7,10.8,9.64,8.07,0.01,0.03,1.23,0.15,0.24,0.62,0.01,0.02,0.16,0.24,0.18,0,1.76,0.27,0.27,0.55,14.4,2.29,1.82,2.73,0.67,0.15,0.27,2.09,12.36,10.45,0,0,1.18,0.18,13.5,1.75,1.25,0.5,2.5,0.5,15.4,1.61,0,0,50.03,47.4,49.98,42.76,39.2,3.11,0.24,2.8,0.24,51.18,50.83,46.64,41.33,2.36,0.27,2.75,0.15,45.17,59,0,0,0,0,0,0,0,0,0,0,0,0,0,0,0,0,0,0,0,0,0,0,0,0,CHI,jarnkrok,calle jarnkrok,c,jarnkrok5100wc
sharangovich4600wy,70.65,Y. Sharangovich,4600,W,0,NJD,WPG-CHellebuyck,7.18,9.2,5.2,-1.06,1.6,1,0,1,0,-4.2,42,2,1,3.2,2.9,-125,6,55,-126,9.7,0.8,54,31,45,87,8.8,60,30,40,10,0.3,0.25,0.55,15.66,2.11,1.99,2.81,0.71,0.15,0.48,2.47,12.19,11.42,9.01,0.01,0,0.62,0.08,0.17,0.5,0.05,0.02,0.24,0.23,0.33,0.02,2.28,0.18,0.27,0.45,15.55,1.74,1.82,2.27,0.8,0.1,0.45,2.27,12.55,11.91,0,0,0.03,0,14.83,2.83,2.33,0.5,2.5,0,16.22,0,0,0,46.25,49.17,45.62,45.16,44.37,2.95,0.18,2.87,0.21,50.27,41.2,55.18,47.9,2.27,0.24,2.9,0.21,47.33,59,0,0,0,0,0,0,0,0,0,0,0,0,0,0,0,0,0,0,0,0,0,0,0,0,WPG,sharangovich,y. sharangovich,y,sharangovich4600wy
wheeler6600wb,70.15,Blake Wheeler,6600,W,0,WPG,NJD-MBlackwood,11.14,14,8.2,-1,1.7,3,1,6,0,-4.3,21,1,3,2.9,3.2,105,6,45,105,12.9,1.3,58,30,28,85,15.1,75,37,25,8,0.35,0.56,0.91,18.26,2.99,2.13,3.04,0.7,0.16,0.48,2.61,13.77,13.2,10.35,0.1,0.17,2.8,0.35,0.56,0.62,0,0,0.25,0.39,0.6,0.04,1.69,0.4,0.8,1.2,17.06,4.22,0.9,2,0.45,0.44,0.3,1.2,12.2,12,0.1,0.3,3.16,0.1,13,2,1.33,0.67,2.33,0.33,19.87,4.38,0.33,0.33,49.11,44.37,45.16,45.62,49.17,3.14,0.23,2.94,0.21,47.9,55.18,41.2,50.27,4.5,0.13,2.73,0.2,51.67,59,0,0,0,0,0,0,0,0,0,0,0,0,0,0,0,0,0,0,0,0,0,0,0,0,NJD,wheeler,blake wheeler,b,wheeler6600wb
tatar5000wt,68.41,Tomas Tatar,5000,W,0,NJD,WPG-CHellebuyck,7.5,9.5,5.5,-1.52,1.5,2,2,2,0,-4.6,27,2,1,3.2,2.9,-125,6,55,-126,8.3,0,54,27,42,87,6.1,30,10,70,10,0.21,0.27,0.49,15.12,1.94,1.82,2.63,0.69,0.12,0.44,2.26,13.76,11.25,10.37,0.01,0.02,1.84,0.25,0.36,0.7,0,0,0.2,0.25,0.36,0.01,2.05,0.18,0.18,0.36,14.4,1.5,1.18,2,0.59,0.15,0.09,1.27,12.64,13,0,0.09,1.45,0,13.5,1.33,1.17,0.17,1.67,0,14.61,1.84,0,0.17,46.25,49.17,45.62,45.16,44.37,2.95,0.18,2.87,0.21,50.27,41.2,55.18,47.9,2.27,0.24,2.9,0.21,47.33,59,0,0,0,0,0,0,0,0,0,0,0,0,0,0,0,0,0,0,0,0,0,0,0,0,WPG,tatar,tomas tatar,t,tatar5000wt
robinson3800we,66.40,Eric Robinson,3800,W,0,CLB,ARI-CIngram,7.63,9.7,5.6,0.95,2,4,0,1,0,-3.8,42,2,1,3.3,3.4,-100,6.5,42,114,6.4,-0.2,54,20,25,90,6.8,72,18,27,11,0.12,0.2,0.32,13.89,1.38,1.65,2.07,0.8,0.07,0.36,2.01,10.06,11.06,7.41,0,0,0.02,0,0.07,0,0.01,0.03,0.11,0.18,0.19,0.01,1.74,0.17,0.17,0.33,14.27,1.39,2.25,2.92,0.77,0.07,0.17,2.42,11.92,11.5,0,0,0.01,0,14.8,3,3,0,4,0.2,15.71,0.02,0,0,47.84,43.07,49.99,50.55,38.51,2.71,0.18,3.43,0.24,46.33,50,52.42,42.58,2.67,0.22,3.92,0.13,40.83,59,0,0,0,0,0,0,0,0,0,0,0,0,0,0,0,0,0,0,0,0,0,0,0,0,ARI,robinson,eric robinson,e,robinson3800we
maccelli4200wm,66.31,Matias Maccelli,4200,W,0,ARI,CLB-EMerzlikins,8.55,10.9,6.2,1.09,2,3,2,5,0,0.3,58,2,1,3.4,3.3,-120,6.5,58,-135,6.6,0.1,36,20,30,88,6.9,27,18,45,11,0.07,0.48,0.54,14.75,2.2,0.8,1.15,0.7,0.08,0.31,1.11,10.09,12.51,7.26,0.02,0.16,1.68,0.1,0.17,0.6,0,0,0.05,0.31,0.3,0,1.23,0,0.63,0.63,15.09,2.51,0.63,1.38,0.45,0,0.5,1.13,12,12.5,0,0.25,1.24,0,12.67,1.17,0.5,0.67,1.5,0,15.43,1.3,0,0.33,46.94,38.51,50.55,49.99,43.07,2.67,0.2,3.02,0.24,42.58,52.42,50,46.33,2.92,0.2,2.42,0.21,47.4,59,0,0,0,0,0,0,0,0,0,0,0,0,0,0,0,0,0,0,0,0,0,0,0,0,CLB,maccelli,matias maccelli,m,maccelli4200wm
fischer4000wc,64.67,Christian Fischer,4000,W,0,ARI,CLB-EMerzlikins,6.95,8.9,5,-0.12,1.7,2,0,1,0,-3.4,50,2,1,3.4,3.3,-120,6.5,58,-135,6.9,0,46,18,27,88,8,63,36,36,11,0.17,0.14,0.32,14.62,1.31,1.68,2.26,0.74,0.1,0.48,2.16,9.08,13.12,6.73,0,0.01,0.18,0,0.01,0,0.01,0,0.16,0.13,0.32,0.01,1.97,0.17,0.25,0.42,13.94,1.81,1.67,2.08,0.8,0.1,0.42,2.08,8.25,13.33,0,0,0.05,0,7.17,2,1.67,0.33,2,0,13.78,0,0,0,46.94,38.51,50.55,49.99,43.07,2.67,0.2,3.02,0.24,42.58,52.42,50,46.33,2.92,0.2,2.42,0.21,47.4,59,0,0,0,0,0,0,0,0,0,0,0,0,0,0,0,0,0,0,0,0,0,0,0,0,CLB,fischer,christian fischer,c,fischer4000wc
ritchie4500wn,63.66,Nick Ritchie,4500,W,0,ARI,CLB-EMerzlikins,9.35,11.8,6.9,1.3,2.1,2,2,5,0,-3.4,16,2,1,3.4,3.3,-120,6.5,58,-135,7.8,0.1,44,25,44,87,6.1,27,18,72,11,0.25,0.21,0.45,13.74,1.97,1.57,2.14,0.74,0.16,0.44,2.01,9.42,11.82,6.78,0.05,0.08,2.32,0.33,0.48,0.69,0,0,0.19,0.13,0.73,0,2.06,0.08,0.17,0.25,12.8,1.17,1.58,2,0.79,0.05,0.5,2.08,7.92,12.92,0,0.08,1.42,0.17,7,1.83,1.5,0.33,2.17,0.5,12.9,1.53,0,0,46.94,38.51,50.55,49.99,43.07,2.67,0.2,3.02,0.24,42.58,52.42,50,46.33,2.92,0.2,2.42,0.21,47.4,59,0,0,0,0,0,0,0,0,0,0,0,0,0,0,0,0,0,0,0,0,0,0,0,0,CLB,ritchie,nick ritchie,n,ritchie4500wn
bemstrom4600we,61.39,Emil Bemstrom,4600,W,0,CLB,ARI-CIngram,8.1,10.3,5.9,-0.14,1.8,3,2,2,0,-0.4,6,2,1,3.3,3.4,-100,6.5,42,114,6.3,-0.7,39,12,32,78,4.2,36,9,54,11,0.14,0.21,0.35,11.36,1.85,1.51,2.09,0.72,0.09,0.23,1.74,8.98,9.87,6.78,0.02,0.04,1.33,0.39,0.52,0.76,0,0,0.12,0.18,0.07,0,2.09,0,0.18,0.18,10.4,1.04,1,1.73,0.58,0,0.45,1.45,10.09,10.91,0,0,1.2,0.18,10.4,2,1.4,0.6,2.2,0.6,10.79,1.59,0,0,47.84,43.07,49.99,50.55,38.51,2.71,0.18,3.43,0.24,46.33,50,52.42,42.58,2.67,0.22,3.92,0.13,40.83,59,0,0,0,0,0,0,0,0,0,0,0,0,0,0,0,0,0,0,0,0,0,0,0,0,ARI,bemstrom,emil bemstrom,e,bemstrom4600we
kane6600wp,60.21,Patrick Kane,6600,W,0,CHI,TOR-ISamsonov,14.41,18.1,10.8,2.27,2.2,1,1,8,0,-2.9,66,0,2,2.4,4.2,245,6.5,11,205,15.4,1.8,65,29,30,85,10.7,54,18,45,11,0.3,0.7,1,20.8,2.89,3.39,4.26,0.8,0.09,0.24,3.63,13.31,16.58,10.09,0.09,0.27,3.68,1.11,1.34,0.83,0,0,0.22,0.43,0.22,0.01,2.92,0.25,0.5,0.75,20.22,2.23,2.25,3.08,0.73,0.11,0.08,2.33,11.58,16.67,0,0.08,3.07,0.42,11,3.17,3,0.17,3.83,0.83,20.98,3.73,0,0,44.36,39.2,42.76,49.98,47.4,2.89,0.18,3.1,0.22,41.33,46.64,50.83,51.18,2.33,0.04,3,0.09,52.75,59,0,0,0,0,0,0,0,0,0,0,0,0,0,0,0,0,0,0,0,0,0,0,0,0,TOR,kane,patrick kane,p,kane6600wp
wood4700wm,58.47,Miles Wood,4700,W,0,NJD,WPG-CHellebuyck,6.99,8.9,5.1,-1.45,1.5,4,2,1,0,-3,12,2,1,3.2,2.9,-125,6,55,-126,7.1,-0.9,34,12,31,87,3.8,30,10,70,10,0.14,0.18,0.32,12.91,1.49,2.25,3.12,0.72,0.06,0.25,2.49,11.44,12.16,8.18,0,0,1.28,0.26,0.44,0.6,0,0,0.14,0.18,1,0,1.64,0.09,0,0.09,11.09,0.49,1.55,2.55,0.61,0.06,0,1.55,9.18,12,0,0,0.87,0.27,9.5,1.17,1.17,0,2.33,0.5,10.89,1.09,0,0,46.25,49.17,45.62,45.16,44.37,2.95,0.18,2.87,0.21,50.27,41.2,55.18,47.9,2.27,0.24,2.9,0.21,47.33,59,0,0,0,0,0,0,0,0,0,0,0,0,0,0,0,0,0,0,0,0,0,0,0,0,WPG,wood,miles wood,m,wood4700wm
perfetti4800wc,57.94,Cole Perfetti,4800,W,0,WPG,NJD-MBlackwood,8.44,10.7,6.2,-0.19,1.8,2,1,8,0,-3.1,66,1,3,2.9,3.2,105,6,45,105,8.9,0.1,34,14,23,85,7.4,62,12,37,8,0.14,0.44,0.58,14.92,2.33,1.76,2.43,0.72,0.08,0.44,2.2,12.72,11.38,9.28,0.02,0.08,1.67,0.27,0.35,0.76,0,0,0.12,0.36,0.32,0.04,1.93,0.1,0.2,0.3,14.95,1.2,1.5,2.78,0.54,0.07,0.5,2,13.2,11,0.1,0,2.05,0.1,15.67,2,1.67,0.33,2.67,0,15.05,1.44,0,0,49.11,44.37,45.16,45.62,49.17,3.14,0.23,2.94,0.21,47.9,55.18,41.2,50.27,4.5,0.13,2.73,0.2,51.67,59,0,0,0,0,0,0,0,0,0,0,0,0,0,0,0,0,0,0,0,0,0,0,0,0,NJD,perfetti,cole perfetti,c,perfetti4800wc
astonreese3500wz,56.45,Z. Aston-Reese,3500,W,0,TOR,CHI-PMrazek,4.71,6.1,3.4,-1.39,1.3,4,0,1,0,-2.9,66,2,1,4.2,2.4,-302,6.5,89,-255,4.4,-1.8,45,14,47,85,3.6,50,10,40,10,0.11,0.04,0.15,11.63,0.77,1.1,1.66,0.66,0.1,0.59,1.7,8.21,9.38,6.37,0,0,0.04,0,0,0,0,0,0.11,0.04,0.37,0.03,1.38,0.1,0,0.1,9.97,0.6,1.1,1.8,0.61,0.09,0.3,1.4,7.2,6.9,0,0,0.03,0,9.25,1.5,1.5,0,1.75,0,10.51,0.04,0,0,50.03,47.4,49.98,42.76,39.2,3.11,0.24,2.8,0.24,51.18,50.83,46.64,41.33,2.36,0.27,2.75,0.15,45.17,59,0,0,0,0,0,0,0,0,0,0,0,0,0,0,0,0,0,0,0,0,0,0,0,0,CHI,astonreese,z. aston-reese,z,astonreese3500wz
boqvist3700wj,55.20,Jesper Boqvist,3700,W,0,NJD,WPG-CHellebuyck,4,5.2,2.8,-2.49,1.1,4,0,1,0,-3,50,2,1,3.2,2.9,-125,6,55,-126,5.1,-1.2,49,19,39,87,4.8,40,20,20,10,0.14,0.16,0.3,12.14,1.48,1.05,1.53,0.69,0.14,0.31,1.36,10.12,10.24,7.47,0,0.01,0.32,0.01,0.07,0.2,0,0,0.14,0.14,0.1,0,1.1,0,0.29,0.29,11.99,1.45,0.86,1.43,0.6,0,0.71,1.57,9.14,10.57,0,0,0.38,0,8.25,1.5,0.75,0.75,1.25,0,11.53,0.67,0,0,46.25,49.17,45.62,45.16,44.37,2.95,0.18,2.87,0.21,50.27,41.2,55.18,47.9,2.27,0.24,2.9,0.21,47.33,59,0,0,0,0,0,0,0,0,0,0,0,0,0,0,0,0,0,0,0,0,0,0,0,0,WPG,boqvist,jesper boqvist,j,boqvist3700wj
kuhlman3200wk,53.73,Karson Kuhlman,3200,W,0,WPG,NJD-MBlackwood,4.8,6.2,3.4,-0.71,1.5,4,0,0,0,-2.7,82,1,3,2.9,3.2,105,6,45,105,5.6,-0.2,47,15,17,85,4,50,12,37,8,0.08,0.17,0.25,12.78,1.17,1.42,2.08,0.69,0.06,0.42,1.85,10.1,9.5,7.63,0,0,0.05,0,0.02,0,0,0,0.08,0.17,0.2,0.03,1.32,0.13,0,0.13,10.99,0.71,1.38,1.86,0.74,0.09,0.38,1.75,11.25,9.13,0,0,0.09,0,7.5,1.5,1,0.5,1.5,0,9.05,0,0,0,49.11,44.37,45.16,45.62,49.17,3.14,0.23,2.94,0.21,47.9,55.18,41.2,50.27,4.5,0.13,2.73,0.2,51.67,59,0,0,0,0,0,0,0,0,0,0,0,0,0,0,0,0,0,0,0,0,0,0,0,0,NJD,kuhlman,karson kuhlman,k,kuhlman3200wk
olivier3800wm,51.50,Mathieu Olivier,3800,W,0,CLB,ARI-CIngram,5.74,7.4,4.1,-0.94,1.5,4,0,1,0,-3.8,42,2,1,3.3,3.4,-100,6.5,42,114,5,-0.8,32,8,29,92,7.5,63,27,36,11,0.07,0.14,0.21,11.29,1.12,1.13,1.6,0.7,0.06,0.86,1.98,8.44,11.51,6.4,0,0,0.01,0,0.02,0,0,0,0.07,0.14,1.54,0,1.36,0.17,0.33,0.5,11.45,2.62,1.5,1.92,0.78,0.11,0.83,2.33,10.08,11.08,0,0,0.01,0,13.6,3.2,2,1.2,2.8,0,13.65,0.02,0,0,47.84,43.07,49.99,50.55,38.51,2.71,0.18,3.43,0.24,46.33,50,52.42,42.58,2.67,0.22,3.92,0.13,40.83,59,0,0,0,0,0,0,0,0,0,0,0,0,0,0,0,0,0,0,0,0,0,0,0,0,ARI,olivier,mathieu olivier,m,olivier3800wm
appleton3900wm,49.77,Mason Appleton,3900,W,0,WPG,NJD-MBlackwood,6.12,7.8,4.4,-0.76,1.6,2,0,0,0,-3.1,33,1,3,2.9,3.2,105,6,45,105,5.3,-0.3,31,9,24,83,1.6,12,0,25,8,0.08,0.2,0.29,15.85,1.1,1.53,2.11,0.73,0.05,0.22,1.76,12.06,13.02,9.23,0,0,0.24,0,0.02,0,0,0,0.08,0.2,0.49,0.02,1.46,0,0,0,14.63,0,1,2,0.5,0,0,1,10.67,6.67,0,0,0.04,0,10.67,1,1,0,2,0,14.63,0.04,0,0,49.11,44.37,45.16,45.62,49.17,3.14,0.23,2.94,0.21,47.9,55.18,41.2,50.27,4.5,0.13,2.73,0.2,51.67,59,0,0,0,0,0,0,0,0,0,0,0,0,0,0,0,0,0,0,0,0,0,0,0,0,NJD,appleton,mason appleton,m,appleton3900wm
raddysh4900wt,46.44,Taylor Raddysh,4900,W,0,CHI,TOR-ISamsonov,8.64,11,6.3,-0.19,1.8,2,1,4,0,-1.4,21,0,2,2.4,4.2,245,6.5,11,205,7.7,0.3,52,29,42,85,5.1,18,18,81,11,0.25,0.18,0.43,15.59,1.65,1.61,2.18,0.74,0.16,0.4,2.01,10.09,12.49,7.19,0.1,0.06,2.91,0.32,0.46,0.7,0,0,0.16,0.12,0.14,0,1.93,0.17,0.17,0.33,16.55,1.2,1.42,2.25,0.63,0.12,0.17,1.58,11.17,12.5,0,0.08,2.84,0.17,11.83,1.5,1.33,0.17,1.83,0.33,16.67,3.55,0,0,44.36,39.2,42.76,49.98,47.4,2.89,0.18,3.1,0.22,41.33,46.64,50.83,51.18,2.33,0.04,3,0.09,52.75,59,0,0,0,0,0,0,0,0,0,0,0,0,0,0,0,0,0,0,0,0,0,0,0,0,TOR,raddysh,taylor raddysh,t,raddysh4900wt
athanasiou4700wa,46.21,A. Athanasiou,4700,W,0,CHI,TOR-ISamsonov,8.7,11,6.4,0.26,1.9,3,2,5,0,-4.6,58,0,2,2.4,4.2,245,6.5,11,205,8.6,0.7,45,18,29,93,10.3,63,27,36,11,0.27,0.14,0.41,15.5,1.59,2.03,2.97,0.68,0.13,0.63,2.66,11.46,14.36,8.74,0.01,0.01,1.56,0.25,0.45,0.55,0,0,0.26,0.13,0.46,0.03,2.11,0.25,0.33,0.58,15.19,2.29,2.33,3.33,0.7,0.11,0.33,2.67,12.83,14.25,0,0,1.23,0.25,14.17,3.67,3.33,0.33,4.5,0.67,14.7,1.52,0,0,44.36,39.2,42.76,49.98,47.4,2.89,0.18,3.1,0.22,41.33,46.64,50.83,51.18,2.33,0.04,3,0.09,52.75,59,0,0,0,0,0,0,0,0,0,0,0,0,0,0,0,0,0,0,0,0,0,0,0,0,TOR,athanasiou,a. athanasiou,a,athanasiou4700wa
o'brien3500wl,44.63,Liam O'Brien,3500,W,0,ARI,CLB-EMerzlikins,4.34,5.6,3.1,-1.76,1.2,4,0,1,0,-2.5,66,2,1,3.4,3.3,-120,6.5,58,-135,3.6,-0.9,15,4,20,88,5.6,18,0,0,11,0.03,0.14,0.16,11.59,0.83,0.78,1.17,0.67,0.03,0.46,1.24,7.03,10.49,5.23,0,0,0.03,0,0,0,0,0,0.03,0.14,1.51,0,0.95,0,0.33,0.33,9.26,2.14,0.67,1,0.67,0,0,0.67,8,9.67,0,0,0.04,0,8,0.67,0.67,0,1,0,9.26,0.04,0,0,46.94,38.51,50.55,49.99,43.07,2.67,0.2,3.02,0.24,42.58,52.42,50,46.33,2.92,0.2,2.42,0.21,47.4,59,0,0,0,0,0,0,0,0,0,0,0,0,0,0,0,0,0,0,0,0,0,0,0,0,CLB,o'brien,liam o'brien,l,o'brien3500wl
foudy3100wl,44.12,Liam Foudy,3100,W,0,CLB,ARI-CIngram,4.46,5.7,3.2,-0.86,1.4,3,0,1,0,-0.4,86,2,1,3.3,3.4,-100,6.5,42,114,2.8,-1,11,3,27,90,2.9,18,9,63,11,0.03,0.08,0.11,10.95,0.6,0.78,1.06,0.74,0.04,0.28,1.06,8.19,10.31,5.53,0,0,0.01,0,0,0,0,0,0.03,0.08,0.17,0,1.68,0.11,0,0.11,9.72,0.68,1,1.44,0.69,0.11,0,1,9.33,9.67,0,0,0,0,10.2,1.4,1.4,0,1.8,0,9.98,0,0,0,47.84,43.07,49.99,50.55,38.51,2.71,0.18,3.43,0.24,46.33,50,52.42,42.58,2.67,0.22,3.92,0.13,40.83,59,0,0,0,0,0,0,0,0,0,0,0,0,0,0,0,0,0,0,0,0,0,0,0,0,ARI,foudy,liam foudy,l,foudy3100wl
kurashev4400wp,43.77,Philipp Kurashev,4400,W,0,CHI,TOR-ISamsonov,8.52,10.8,6.2,0.67,1.9,1,2,4,0,-2.9,58,0,2,2.4,4.2,245,6.5,11,205,6.3,-0.5,50,21,40,84,6.6,63,9,36,11,0.13,0.25,0.38,15.65,1.46,1.56,2.09,0.74,0.08,0.48,2.04,10.69,13.96,7.87,0,0.06,1.56,0.12,0.25,0.47,0,0,0.13,0.18,0.13,0.01,2.42,0.17,0.17,0.33,17.73,1.12,1.75,2.08,0.84,0.1,0.67,2.42,12.5,15.42,0,0,1.59,0.17,13.83,3.17,2.33,0.83,2.67,0.17,17.76,1.63,0,0,44.36,39.2,42.76,49.98,47.4,2.89,0.18,3.1,0.22,41.33,46.64,50.83,51.18,2.33,0.04,3,0.09,52.75,59,0,0,0,0,0,0,0,0,0,0,0,0,0,0,0,0,0,0,0,0,0,0,0,0,TOR,kurashev,philipp kurashev,p,kurashev4400wp
stenlund3400wk,41.67,Kevin Stenlund,3400,W,0,WPG,NJD-MBlackwood,6.31,8.1,4.6,0.41,1.9,4,2,7,0,-2.7,72,1,3,2.9,3.2,105,6,45,105,4.8,-0.6,26,6,16,61,4.1,62,12,37,8,0.11,0.07,0.19,12.29,0.93,1.26,1.92,0.66,0.09,0.44,1.7,8.84,7,6.56,0,0,0.62,0.12,0.24,0.5,0,0,0.11,0.07,0.37,0.04,1.52,0.1,0,0.1,11.28,0.53,1.3,1.78,0.73,0.08,0.2,1.5,9.5,7,0,0,0.67,0.2,7,1.67,1,0.67,1.33,1,11.3,1.44,0,0,49.11,44.37,45.16,45.62,49.17,3.14,0.23,2.94,0.21,47.9,55.18,41.2,50.27,4.5,0.13,2.73,0.2,51.67,59,0,0,0,0,0,0,0,0,0,0,0,0,0,0,0,0,0,0,0,0,0,0,0,0,NJD,stenlund,kevin stenlund,k,stenlund3400wk
kassian3100wz,40.61,Zack Kassian,3100,W,0,ARI,CLB-EMerzlikins,3.86,5,2.7,-1.46,1.2,4,0,1,0,-2.5,86,2,1,3.4,3.3,-120,6.5,58,-135,2.2,-2.7,17,5,55,105,1.6,36,0,63,11,0.05,0.08,0.13,9.25,0.84,0.69,0.97,0.71,0.07,0.14,0.83,6.74,9.17,4.88,0,0,0.03,0,0,0,0,0,0.05,0.08,0.91,0.01,0.92,0,0,0,8.85,0,0.75,0.92,0.82,0,0.25,1,7.08,9.08,0,0,0,0,7,0.5,0.5,0,0.67,0,8.72,0,0,0,46.94,38.51,50.55,49.99,43.07,2.67,0.2,3.02,0.24,42.58,52.42,50,46.33,2.92,0.2,2.42,0.21,47.4,59,0,0,0,0,0,0,0,0,0,0,0,0,0,0,0,0,0,0,0,0,0,0,0,0,CLB,kassian,zack kassian,z,kassian3100wz
maenalanen3900ws,40.25,Saku Maenalanen,3900,W,0,WPG,NJD-MBlackwood,4.22,5.4,3,-2.66,1.1,1,0,0,0,-2,33,1,3,2.9,3.2,105,6,45,105,4.1,-1.7,33,7,37,54,1.8,37,0,62,8,0.1,0.1,0.21,11.2,1.13,1.08,1.47,0.73,0.1,0.51,1.59,7.72,10.31,5.54,0,0,0.07,0,0.03,0,0,0,0.1,0.1,0.26,0,1.68,0,0.2,0.2,9.73,1.23,0.8,1.11,0.72,0,0.6,1.4,7.6,8.5,0,0,0.15,0,6,1.33,0.33,1,1.67,0,9.34,0,0,0,49.11,44.37,45.16,45.62,49.17,3.14,0.23,2.94,0.21,47.9,55.18,41.2,50.27,4.5,0.13,2.73,0.2,51.67,59,0,0,0,0,0,0,0,0,0,0,0,0,0,0,0,0,0,0,0,0,0,0,0,0,NJD,maenalanen,saku maenalanen,s,maenalanen3900ws
johnson5300wt,37.29,Tyler Johnson,5300,W,0,CHI,TOR-ISamsonov,9.31,11.8,6.8,-0.3,1.8,2,1,9,0,-1.4,33,0,2,2.4,4.2,245,6.5,11,205,7.5,0.1,29,17,25,84,9.3,45,27,27,11,0.17,0.28,0.46,14.28,1.93,1.59,2.36,0.67,0.11,0.39,1.98,8.77,11.59,6.57,0.02,0.04,2.06,0.5,0.61,0.81,0,0,0.15,0.24,0.3,0.02,2.28,0.22,0.33,0.56,15.76,2.13,2.22,3.67,0.61,0.1,0.67,2.89,9.33,11.11,0,0,2.48,0.89,9.83,3.17,2.67,0.5,4.83,1.67,17.88,3.51,0,0,44.36,39.2,42.76,49.98,47.4,2.89,0.18,3.1,0.22,41.33,46.64,50.83,51.18,2.33,0.04,3,0.09,52.75,59,0,0,0,0,0,0,0,0,0,0,0,0,0,0,0,0,0,0,0,0,0,0,0,0,TOR,johnson,tyler johnson,t,johnson5300wt
blackwell3400wc,33.06,Colin Blackwell,3400,W,0,CHI,TOR-ISamsonov,4.83,6.2,3.5,-1.07,1.4,4,0,0,0,-3.4,72,0,2,2.4,4.2,245,6.5,11,205,4.9,-1.4,50,16,41,93,4.7,54,18,45,11,0.09,0.15,0.24,11.67,1.23,1.18,1.52,0.78,0.08,0.39,1.57,8.05,9.65,5.79,0,0,0.2,0.04,0.04,1,0.02,0.01,0.07,0.14,0.21,0,1.27,0.08,0.25,0.33,12.23,1.62,1.08,1.42,0.76,0.08,0.17,1.25,9.42,10.5,0,0,0,0,12.17,1.67,1.33,0.33,1.67,0,12.36,0,0,0,44.36,39.2,42.76,49.98,47.4,2.89,0.18,3.1,0.22,41.33,46.64,50.83,51.18,2.33,0.04,3,0.09,52.75,59,0,0,0,0,0,0,0,0,0,0,0,0,0,0,0,0,0,0,0,0,0,0,0,0,TOR,blackwell,colin blackwell,c,blackwell3400wc
rielly5900dm,80.00,Morgan Rielly,5900,D,0,TOR,CHI-PMrazek,11.86,14.9,8.9,0.19,2,1,1,11,0,-3.1,45,2,1,4.2,2.4,-302,6.5,89,-255,12,-0.4,58,19,26,98,11,70,20,30,10,0.11,0.58,0.69,22.74,1.82,2.35,3.15,0.74,0.05,1.29,3.63,17.96,16.1,13.46,0.02,0.21,3.12,0.3,0.46,0.65,0,0.01,0.08,0.36,0.5,0,1.94,0.18,0.36,0.55,22.59,1.46,2.45,3.36,0.73,0.07,1.27,3.73,18.91,16.09,0.09,0.09,2.8,0.45,18.75,5.25,3,2.25,4.25,1,21.98,3.07,0.25,0,50.03,47.4,49.98,42.76,39.2,3.11,0.24,2.8,0.24,51.18,50.83,46.64,41.33,2.36,0.27,2.75,0.15,45.17,59,0,0,0,0,0,0,0,0,0,0,0,0,0,0,0,0,0,0,0,0,0,0,0,0,CHI,rielly,morgan rielly,m,rielly5900dm
hamilton7700dd,78.55,Dougie Hamilton,7700,D,0,NJD,WPG-CHellebuyck,15.21,19,11.4,-0.33,2,1,1,16,0,-2.8,50,2,1,3.2,2.9,-125,6,55,-126,14,0.6,75,22,24,87,24.5,100,60,0,10,0.21,0.52,0.72,21.79,1.98,3.3,4.54,0.73,0.06,1.21,4.51,18.75,16.45,14.21,0.09,0.18,2.95,0.58,0.85,0.68,0,0,0.11,0.33,0.57,0,2.39,0.55,0.82,1.36,22.69,3.6,4,5.27,0.76,0.14,1.64,5.64,19.73,19.55,0.45,0.09,2.08,0.82,18.17,5.83,3.67,2.17,5.5,1.5,21.31,2.54,0.5,0.17,46.25,49.17,45.62,45.16,44.37,2.95,0.18,2.87,0.21,50.27,41.2,55.18,47.9,2.27,0.24,2.9,0.21,47.33,59,0,0,0,0,0,0,0,0,0,0,0,0,0,0,0,0,0,0,0,0,0,0,0,0,WPG,hamilton,dougie hamilton,d,hamilton7700dd
giordano5000dm,77.80,Mark Giordano,5000,D,0,TOR,CHI-PMrazek,7.97,10.1,5.9,-1.76,1.6,3,0,1,0,-3.5,78,2,1,4.2,2.4,-302,6.5,89,-255,9,-0.1,72,20,25,95,11,90,40,10,10,0.07,0.31,0.38,19.69,1.16,1.57,2.16,0.73,0.05,1.87,3.45,15.51,13.73,11.53,0,0.05,1.02,0.13,0.19,0.71,0.03,0,0.04,0.26,0.8,0.01,1.29,0.18,0.36,0.55,19.29,1.71,2.36,3.09,0.76,0.08,1.91,4.27,16.91,15.36,0,0,0.01,0,18,3,1.25,1.75,2.25,0,18.36,0,0,0,50.03,47.4,49.98,42.76,39.2,3.11,0.24,2.8,0.24,51.18,50.83,46.64,41.33,2.36,0.27,2.75,0.15,45.17,59,0,0,0,0,0,0,0,0,0,0,0,0,0,0,0,0,0,0,0,0,0,0,0,0,CHI,giordano,mark giordano,m,giordano5000dm
gudbranson4300de,74.65,Erik Gudbranson,4300,D,0,CLB,ARI-CIngram,7.1,9,5.2,-1.13,1.7,1,0,1,0,0.8,45,2,1,3.3,3.4,-100,6.5,42,114,6.3,-1.7,57,13,40,102,7.3,63,18,36,11,0.04,0.13,0.17,19.83,0.51,1.5,2.01,0.75,0.03,1.6,3.1,15.55,16.67,11.15,0,0,0.09,0.01,0.02,0.5,0,0,0.04,0.13,0.64,0,1.58,0,0.17,0.17,22.58,0.45,1.33,1.75,0.76,0,2.25,3.58,18.58,21.42,0,0,0.06,0,19.8,4.4,1.4,3,1.8,0,23.18,0.1,0,0,47.84,43.07,49.99,50.55,38.51,2.71,0.18,3.43,0.24,46.33,50,52.42,42.58,2.67,0.22,3.92,0.13,40.83,59,0,0,0,0,0,0,0,0,0,0,0,0,0,0,0,0,0,0,0,0,0,0,0,0,ARI,gudbranson,erik gudbranson,e,gudbranson4300de
brodie3700dt,74.10,T.J. Brodie,3700,D,0,TOR,CHI-PMrazek,6.64,8.4,4.9,-0.3,1.8,1,0,1,0,-3.1,95,2,1,4.2,2.4,-302,6.5,89,-255,7.3,-0.2,54,19,23,98,6.9,60,20,0,10,0.04,0.32,0.36,21.62,1,1.09,1.42,0.77,0.04,1.58,2.68,16.33,14.64,12.51,0,0.01,0.24,0,0.03,0,0,0.03,0.04,0.29,0.29,0,0.85,0,0.33,0.33,21.46,0.92,0.5,0.5,1,0,2.17,2.67,17.67,17.5,0,0,0.11,0,18.25,2.75,0.5,2.25,0.5,0,21.66,0.16,0,0,50.03,47.4,49.98,42.76,39.2,3.11,0.24,2.8,0.24,51.18,50.83,46.64,41.33,2.36,0.27,2.75,0.15,45.17,59,0,0,0,0,0,0,0,0,0,0,0,0,0,0,0,0,0,0,0,0,0,0,0,0,CHI,brodie,t.j. brodie,t,brodie3700dt
morrissey7500dj,72.05,Josh Morrissey,7500,D,0,WPG,NJD-MBlackwood,13.01,16.3,9.7,-2.1,1.7,1,1,25,0,-1.8,11,1,3,2.9,3.2,105,6,45,105,12.9,0.7,78,31,21,85,12,87,12,12,8,0.19,0.62,0.81,24.09,2.02,2.18,3.25,0.67,0.09,1.45,3.63,17.61,17.64,13.62,0.03,0.28,3.41,0.44,0.69,0.63,0,0,0.16,0.34,0.82,0.01,2.59,0.3,0.4,0.7,25.54,1.64,3.7,5,0.74,0.08,1.7,5.4,20.7,18,0,0.3,5.13,0.4,18,6.33,4.33,2,5.67,0.33,25.93,4.37,0,0.33,49.11,44.37,45.16,45.62,49.17,3.14,0.23,2.94,0.21,47.9,55.18,41.2,50.27,4.5,0.13,2.73,0.2,51.67,59,0,0,0,0,0,0,0,0,0,0,0,0,0,0,0,0,0,0,0,0,0,0,0,0,NJD,morrissey,josh morrissey,j,morrissey7500dj
graves5500dr,71.15,Ryan Graves,5500,D,0,NJD,WPG-CHellebuyck,8.4,10.6,6.2,-2.41,1.5,2,0,1,0,-2.8,63,2,1,3.2,2.9,-125,6,55,-126,8.6,-0.1,60,20,32,87,11.1,70,30,30,10,0.11,0.22,0.33,19.85,1,1.56,2.11,0.74,0.07,1.85,3.41,16.58,16.09,12.16,0,0,0.06,0,0,0,0,0.01,0.11,0.21,0.32,0,1.63,0.09,0.09,0.18,22.46,0.48,2.55,3.55,0.72,0.04,2.82,5.36,18.91,20.73,0,0,0.04,0,19.5,7,3.17,3.83,4.17,0,23.01,0.01,0,0,46.25,49.17,45.62,45.16,44.37,2.95,0.18,2.87,0.21,50.27,41.2,55.18,47.9,2.27,0.24,2.9,0.21,47.33,59,0,0,0,0,0,0,0,0,0,0,0,0,0,0,0,0,0,0,0,0,0,0,0,0,WPG,graves,ryan graves,r,graves5500dr
holl3900dj,69.25,Justin Holl,3900,D,0,TOR,CHI-PMrazek,6.13,7.8,4.5,-1.24,1.6,2,0,1,0,-2.5,29,2,1,4.2,2.4,-302,6.5,89,-255,6.5,-1.1,63,20,30,98,6.4,50,20,40,10,0.04,0.28,0.33,20.33,0.97,0.8,1.01,0.8,0.05,1.55,2.36,15.78,15.16,11.93,0,0,0.08,0,0,0,0,0.02,0.04,0.26,0.62,0,0.71,0,0.4,0.4,20.47,1.17,0.4,0.4,1,0,1.5,1.9,17.4,15.9,0,0,0.02,0,15.33,1.33,0.33,1,0.33,0,18.94,0.08,0,0,50.03,47.4,49.98,42.76,39.2,3.11,0.24,2.8,0.24,51.18,50.83,46.64,41.33,2.36,0.27,2.75,0.15,45.17,59,0,0,0,0,0,0,0,0,0,0,0,0,0,0,0,0,0,0,0,0,0,0,0,0,CHI,holl,justin holl,j,holl3900dj
severson4100dd,68.35,Damon Severson,4100,D,0,NJD,WPG-CHellebuyck,7.63,9.7,5.6,-0.17,1.9,3,2,3,0,-4.8,88,2,1,3.2,2.9,-125,6,55,-126,8.3,-0.7,65,24,33,87,9,90,40,10,10,0.1,0.33,0.43,21.57,1.2,1.44,2.06,0.7,0.07,1.29,2.73,17.54,15.63,12.74,0.03,0.06,1.96,0.32,0.41,0.77,0,0,0.07,0.27,0.49,0,1.24,0.09,0.36,0.45,21.32,1.27,1.73,2.18,0.79,0.05,2.36,4.09,19.09,20.27,0,0,1.09,0,17.33,3.17,1.5,1.67,2,0,18,1.24,0,0,46.25,49.17,45.62,45.16,44.37,2.95,0.18,2.87,0.21,50.27,41.2,55.18,47.9,2.27,0.24,2.9,0.21,47.33,59,0,0,0,0,0,0,0,0,0,0,0,0,0,0,0,0,0,0,0,0,0,0,0,0,WPG,severson,damon severson,d,severson4100dd
sandin4000dr,67.45,Rasmus Sandin,4000,D,0,TOR,CHI-PMrazek,6.68,8.5,4.9,-0.9,1.7,2,2,3,0,-2.5,63,2,1,4.2,2.4,-302,6.5,89,-255,7,-0.2,40,16,22,97,8.3,60,20,40,10,0.11,0.28,0.39,17.85,1.31,1.05,1.46,0.72,0.11,1.03,2.08,16.08,13.44,12.18,0,0.11,1.75,0.07,0.08,0.8,0,0,0.11,0.16,0.41,0,1.34,0.09,0.36,0.45,17.67,1.53,1.18,1.64,0.72,0.08,1.09,2.27,17,15.36,0,0.09,1.35,0,17.75,3.5,2.25,1.25,2.5,0.25,17.42,1.8,0,0.25,50.03,47.4,49.98,42.76,39.2,3.11,0.24,2.8,0.24,51.18,50.83,46.64,41.33,2.36,0.27,2.75,0.15,45.17,59,0,0,0,0,0,0,0,0,0,0,0,0,0,0,0,0,0,0,0,0,0,0,0,0,CHI,sandin,rasmus sandin,r,sandin4000dr
peeke3800da,64.30,Andrew Peeke,3800,D,0,CLB,ARI-CIngram,6.59,8.4,4.8,-0.56,1.7,2,0,1,0,-2.8,82,2,1,3.3,3.4,-100,6.5,42,114,6.8,-0.7,75,20,22,90,8.5,81,45,18,11,0.07,0.08,0.15,21.69,0.41,1.1,1.57,0.7,0.06,2.2,3.31,15.25,18.33,11.26,0,0,0.04,0,0,0,0,0.01,0.07,0.07,0.57,0.01,1.43,0.08,0.08,0.17,21.4,0.48,1.33,2.08,0.64,0.06,2.58,3.92,15.75,18.75,0,0,0,0,16.6,5.2,1.6,3.6,2.6,0,22.07,0,0,0,47.84,43.07,49.99,50.55,38.51,2.71,0.18,3.43,0.24,46.33,50,52.42,42.58,2.67,0.22,3.92,0.13,40.83,59,0,0,0,0,0,0,0,0,0,0,0,0,0,0,0,0,0,0,0,0,0,0,0,0,ARI,peeke,andrew peeke,a,peeke3800da
moser4400dj,63.40,J.J. Moser,4400,D,0,ARI,CLB-EMerzlikins,9.12,11.5,6.8,0.68,2.1,3,2,4,0,-3.4,45,2,1,3.4,3.3,-120,6.5,58,-135,7.2,-1.5,52,18,36,88,6,54,18,45,11,0.08,0.29,0.37,19.94,1.11,1.06,1.52,0.7,0.07,1.58,2.64,10.59,15.29,7.79,0.01,0.12,2.01,0.2,0.26,0.79,0,0,0.06,0.18,0.45,0,1.15,0,0.25,0.25,19.41,0.77,1.17,1.67,0.7,0,1.25,2.42,12.33,15.5,0,0.08,1.9,0.25,11.5,1.83,1,0.83,1.5,0.17,19.59,2.07,0,0.17,46.94,38.51,50.55,49.99,43.07,2.67,0.2,3.02,0.24,42.58,52.42,50,46.33,2.92,0.2,2.42,0.21,47.4,59,0,0,0,0,0,0,0,0,0,0,0,0,0,0,0,0,0,0,0,0,0,0,0,0,CLB,moser,j.j. moser,j,moser4400dj
blankenburg4600dn,63.40,Nick Blankenburg,4600,D,0,CLB,ARI-CIngram,8.46,10.7,6.2,-0.41,1.8,2,2,3,0,-2.8,63,2,1,3.3,3.4,-100,6.5,42,114,8.7,0.3,26,8,7,56,6.5,54,9,18,11,0.14,0.25,0.39,18.26,1.28,1.57,2.04,0.77,0.09,1.75,3.32,14.58,16.69,10.65,0.04,0.04,1,0.11,0.22,0.5,0,0,0.11,0.21,0.5,0.04,1.82,0.11,0.22,0.33,19.13,1.03,1.67,2.44,0.68,0.07,1.33,3,15.22,18.56,0,0.11,1.81,0.22,14.8,2.8,1.4,1.4,2.2,0.6,19.3,1.99,0,0,47.84,43.07,49.99,50.55,38.51,2.71,0.18,3.43,0.24,46.33,50,52.42,42.58,2.67,0.22,3.92,0.13,40.83,59,0,0,0,0,0,0,0,0,0,0,0,0,0,0,0,0,0,0,0,0,0,0,0,0,ARI,blankenburg,nick blankenburg,n,blankenburg4600dn
pionk5300dn,62.30,Neal Pionk,5300,D,0,WPG,NJD-MBlackwood,9.57,12,7.1,-0.81,1.8,2,2,6,0,-3.2,45,1,3,2.9,3.2,105,6,45,105,8.8,-0.9,66,22,33,86,7.2,50,0,50,8,0.09,0.33,0.42,20.98,1.2,1.64,2.45,0.67,0.05,1.4,3.04,15.35,18.08,11.99,0.01,0.07,1.59,0.14,0.25,0.57,0,0,0.08,0.26,0.55,0,1.51,0,0.3,0.3,21.28,0.85,1.8,2.22,0.81,0,1.7,3.5,14.8,17.5,0,0,2.02,0.3,15.67,2.67,1,1.67,2,0.33,20.76,1.43,0,0,49.11,44.37,45.16,45.62,49.17,3.14,0.23,2.94,0.21,47.9,55.18,41.2,50.27,4.5,0.13,2.73,0.2,51.67,59,0,0,0,0,0,0,0,0,0,0,0,0,0,0,0,0,0,0,0,0,0,0,0,0,NJD,pionk,neal pionk,n,pionk5300dn
stecher3700dt,62.25,Troy Stecher,3700,D,0,ARI,CLB-EMerzlikins,6.35,8.1,4.6,-0.59,1.7,1,0,1,0,-3,78,2,1,3.4,3.3,-120,6.5,58,-135,5,-1.7,61,10,23,92,4.8,63,18,36,11,0.03,0.1,0.13,17.06,0.46,1.28,1.67,0.76,0.02,1.36,2.64,12.03,14.97,9.2,0,0,0.06,0.01,0.01,1,0,0,0.03,0.1,0.39,0,1.34,0,0.17,0.17,19.47,0.52,1,1.42,0.71,0,1.25,2.25,13.25,16.92,0,0,0.02,0,14.67,2,1,1,1.5,0,21.98,0,0,0,46.94,38.51,50.55,49.99,43.07,2.67,0.2,3.02,0.24,42.58,52.42,50,46.33,2.92,0.2,2.42,0.21,47.4,59,0,0,0,0,0,0,0,0,0,0,0,0,0,0,0,0,0,0,0,0,0,0,0,0,CLB,stecher,troy stecher,t,stecher3700dt
brown3600dj,61.85,Josh Brown,3600,D,0,ARI,CLB-EMerzlikins,5.44,6.9,3.9,-1.28,1.5,2,0,1,0,-1.2,78,2,1,3.4,3.3,-120,6.5,58,-135,5.7,-1.6,50,12,37,56,7,63,18,27,11,0.05,0.07,0.12,15.12,0.48,0.8,1.44,0.56,0.07,1.57,2.37,9.12,14.24,6.86,0,0,0.03,0,0.02,0,0,0,0.05,0.07,0.96,0,1.06,0.08,0.08,0.17,14.18,0.72,1.25,1.92,0.65,0.07,1.83,3.08,10.33,14.83,0,0,0.04,0,11.67,3.33,1.33,2,2.17,0,15.29,0,0,0,46.94,38.51,50.55,49.99,43.07,2.67,0.2,3.02,0.24,42.58,52.42,50,46.33,2.92,0.2,2.42,0.21,47.4,59,0,0,0,0,0,0,0,0,0,0,0,0,0,0,0,0,0,0,0,0,0,0,0,0,CLB,brown,josh brown,j,brown3600dj
demelo4000dd,61.45,Dylan DeMelo,4000,D,0,WPG,NJD-MBlackwood,6.06,7.7,4.4,-1.52,1.5,1,0,0,0,-1.8,68,1,3,2.9,3.2,105,6,45,105,6.6,-0.4,75,25,17,85,6.9,50,12,25,8,0.02,0.27,0.29,19.91,0.87,1.11,1.6,0.69,0.02,1.41,2.52,15.5,15.18,11.78,0,0,0.06,0,0,0,0.01,0.02,0.01,0.24,0.46,0,1.18,0,0.29,0.29,18.81,0.92,0.57,1.43,0.4,0,1.71,2.29,20.29,11.86,0,0,0.22,0,19,3.5,1.5,2,2.5,0,18.22,0.13,0,0,49.11,44.37,45.16,45.62,49.17,3.14,0.23,2.94,0.21,47.9,55.18,41.2,50.27,4.5,0.13,2.73,0.2,51.67,59,0,0,0,0,0,0,0,0,0,0,0,0,0,0,0,0,0,0,0,0,0,0,0,0,NJD,demelo,dylan demelo,d,demelo4000dd
boqvist4900da,61.35,Adam Boqvist,4900,D,0,CLB,ARI-CIngram,9.07,11.4,6.7,-0.45,1.9,3,1,2,0,-3.6,4,2,1,3.3,3.4,-100,6.5,42,114,7.5,-0.4,30,12,16,90,11.8,72,27,9,11,0.1,0.34,0.44,16.95,1.56,1.37,1.93,0.71,0.07,0.93,2.29,12.65,14.03,9.58,0.05,0.12,2.41,0.41,0.46,0.89,0,0,0.05,0.22,0.15,0,1.55,0.2,0.6,0.8,16.32,2.94,1.6,2.2,0.73,0.13,1,2.6,13.1,13.6,0,0.4,3.3,0.6,11.8,3.4,1.8,1.6,2,0.6,16.23,3.92,0,0.4,47.84,43.07,49.99,50.55,38.51,2.71,0.18,3.43,0.24,46.33,50,52.42,42.58,2.67,0.22,3.92,0.13,40.83,59,0,0,0,0,0,0,0,0,0,0,0,0,0,0,0,0,0,0,0,0,0,0,0,0,ARI,boqvist,adam boqvist,a,boqvist4900da
marino4100dj,61.15,John Marino,4100,D,0,NJD,WPG-CHellebuyck,5.9,7.5,4.3,-1.9,1.4,2,0,1,0,-2.8,17,2,1,3.2,2.9,-125,6,55,-126,6.2,-0.7,59,15,22,93,6,40,10,20,10,0.05,0.2,0.25,21.06,0.71,1.21,1.67,0.73,0.04,1.32,2.53,16.92,15.22,12.75,0,0,0.34,0.04,0.07,0.6,0,0.01,0.05,0.19,0.29,0.03,0.89,0.17,0.17,0.33,22.64,0.87,0.83,1,0.83,0.2,0.83,1.67,15.67,18.5,0,0,0.22,0,15.67,1.67,0.83,0.83,1,0,22.64,0.22,0,0,46.25,49.17,45.62,45.16,44.37,2.95,0.18,2.87,0.21,50.27,41.2,55.18,47.9,2.27,0.24,2.9,0.21,47.33,59,0,0,0,0,0,0,0,0,0,0,0,0,0,0,0,0,0,0,0,0,0,0,0,0,WPG,marino,john marino,j,marino4100dj
juusoalimaki4300dj,59.10,Juuso Valimaki,4300,D,0,ARI,CLB-EMerzlikins,11.31,14.2,8.4,3.08,2.6,1,1,5,0,-3,73,2,1,3.4,3.3,-120,6.5,58,-135,6.2,-0.7,30,12,21,102,9.9,72,36,27,11,0.04,0.32,0.36,16,1.35,1.06,1.57,0.67,0.04,0.89,1.94,11.43,11.73,8.65,0,0.17,1.25,0.06,0.15,0.37,0,0,0.04,0.15,0.74,0,1.71,0,0.67,0.67,19.05,2.11,1.42,2.08,0.68,0,0.92,2.33,15.5,14.58,0,0.25,1.34,0.08,17.67,3.67,2.17,1.5,2.83,0.5,23.09,2.09,0,0.5,46.94,38.51,50.55,49.99,43.07,2.67,0.2,3.02,0.24,42.58,52.42,50,46.33,2.92,0.2,2.42,0.21,47.4,59,0,0,0,0,0,0,0,0,0,0,0,0,0,0,0,0,0,0,0,0,0,0,0,0,CLB,juusoalimaki,juuso valimaki,j,juusoalimaki4300dj
smith3700db,57.20,Brendan Smith,3700,D,0,NJD,WPG-CHellebuyck,4.4,5.7,3.1,-2.54,1.2,1,0,1,0,-2.8,29,2,1,3.2,2.9,-125,6,55,-126,4.7,-1.7,41,13,37,101,3.7,40,0,20,10,0.02,0.12,0.15,14.22,0.63,1.06,1.47,0.72,0.02,1,2.06,12.88,10.84,9.69,0,0,0.03,0,0,0,0.01,0.01,0.01,0.11,1.05,0.01,0.78,0,0.14,0.14,15.74,0.53,0.71,0.71,1,0,1.57,2.29,11,15.86,0,0,0,0,13,2.5,0.5,2,0.5,0,15.35,0,0,0,46.25,49.17,45.62,45.16,44.37,2.95,0.18,2.87,0.21,50.27,41.2,55.18,47.9,2.27,0.24,2.9,0.21,47.33,59,0,0,0,0,0,0,0,0,0,0,0,0,0,0,0,0,0,0,0,0,0,0,0,0,WPG,smith,brendan smith,b,smith3700db
nemeth3700dp,56.90,Patrik Nemeth,3700,D,0,ARI,CLB-EMerzlikins,5.11,6.5,3.7,-1.83,1.4,3,0,1,0,-3.4,45,2,1,3.4,3.3,-120,6.5,58,-135,4,-2.3,48,8,31,105,5.7,90,9,9,11,0.03,0.09,0.11,16.31,0.4,0.75,1.14,0.66,0.03,1.33,2.08,10.59,14.21,7.66,0,0,0.05,0.01,0.01,1,0,0,0.03,0.09,0.58,0,1,0,0.08,0.08,19.06,0.25,1.08,1.42,0.76,0,1.75,2.83,10.83,17.58,0,0,0.02,0,10.83,3.5,1.33,2.17,2,0,20.85,0.01,0,0,46.94,38.51,50.55,49.99,43.07,2.67,0.2,3.02,0.24,42.58,52.42,50,46.33,2.92,0.2,2.42,0.21,47.4,59,0,0,0,0,0,0,0,0,0,0,0,0,0,0,0,0,0,0,0,0,0,0,0,0,CLB,nemeth,patrik nemeth,p,nemeth3700dp
bayreuther3800dg,56.80,Gavin Bayreuther,3800,D,0,CLB,ARI-CIngram,6.39,8.1,4.7,-0.76,1.7,3,0,1,0,-3.6,63,2,1,3.3,3.4,-100,6.5,42,114,5.6,-0.6,33,11,15,80,8,45,18,9,11,0.05,0.15,0.21,13.48,0.93,1.08,1.47,0.73,0.05,1.38,2.46,11.39,13.16,8.39,0,0,0.04,0,0,0,0,0,0.05,0.15,0.62,0,1.23,0,0.33,0.33,13.97,1.42,1.83,2,0.92,0,1.5,3.33,12.17,13,0,0,0.15,0,11.67,3.67,1.67,2,2,0,13.3,0.21,0,0,47.84,43.07,49.99,50.55,38.51,2.71,0.18,3.43,0.24,46.33,50,52.42,42.58,2.67,0.22,3.92,0.13,40.83,59,0,0,0,0,0,0,0,0,0,0,0,0,0,0,0,0,0,0,0,0,0,0,0,0,ARI,bayreuther,gavin bayreuther,g,bayreuther3800dg
soderstrom3500dv,55.15,Victor Soderstrom,3500,D,0,ARI,CLB-EMerzlikins,3.29,4.3,2.3,-3.22,0.9,2,0,1,0,-1.2,68,2,1,3.4,3.3,-120,6.5,58,-135,5.4,-0.2,8,2,5,35,5.3,33,33,66,3,0,0.14,0.14,13.63,0.62,0.57,0.67,0.86,0,1.71,2.29,9.33,13,7,0,0,0.23,0,0,0,0,0,0,0.14,0.57,0,0.59,0,0.25,0.25,11.57,1.3,0,0,0,0,1.5,1.5,8.5,11.75,0,0,0.22,0,8.5,1.5,0,1.5,0,0,11.57,0.22,0,0,46.94,38.51,50.55,49.99,43.07,2.67,0.2,3.02,0.24,42.58,52.42,50,46.33,2.92,0.2,2.42,0.21,47.4,59,0,0,0,0,0,0,0,0,0,0,0,0,0,0,0,0,0,0,0,0,0,0,0,0,CLB,soderstrom,victor soderstrom,v,soderstrom3500dv
jones6600ds,54.80,Seth Jones,6600,D,0,CHI,TOR-ISamsonov,12.28,15.4,9.2,-0.89,1.9,1,1,14,0,-2,68,0,2,2.4,4.2,245,6.5,11,205,12.1,-0.2,58,24,29,85,10.3,63,18,36,11,0.11,0.48,0.59,25.27,1.4,2.48,3.35,0.74,0.04,1.83,4.31,16.37,18.34,12.3,0.01,0.2,3.34,0.6,0.82,0.73,0,0.01,0.09,0.27,0.4,0,2,0.17,0.25,0.42,24.27,1.04,2.58,3.5,0.74,0.06,1.67,4.25,16.92,16.42,0,0,2.93,0.58,20,4.17,2.83,1.33,3.67,0.83,25.01,3.59,0,0,44.36,39.2,42.76,49.98,47.4,2.89,0.18,3.1,0.22,41.33,46.64,50.83,51.18,2.33,0.04,3,0.09,52.75,59,0,0,0,0,0,0,0,0,0,0,0,0,0,0,0,0,0,0,0,0,0,0,0,0,TOR,jones,seth jones,s,jones6600ds
schmidt4100dn,53.50,Nate Schmidt,4100,D,0,WPG,NJD-MBlackwood,7.38,9.3,5.4,-0.42,1.8,3,1,6,0,-3.5,45,1,3,2.9,3.2,105,6,45,105,6.7,-1.2,55,14,29,85,8.8,87,37,12,8,0.08,0.17,0.25,18.94,0.79,1.32,2.04,0.64,0.06,1.24,2.55,14.47,14.5,10.62,0.04,0.01,1.3,0.18,0.31,0.57,0,0.01,0.04,0.14,0.11,0,1.38,0.1,0.2,0.3,18.71,0.96,1.7,2.33,0.73,0.06,1.1,2.8,13.6,14.2,0.1,0,1.86,0.3,15.67,3.33,2,1.33,3,1,18.8,1.44,0,0,49.11,44.37,45.16,45.62,49.17,3.14,0.23,2.94,0.21,47.9,55.18,41.2,50.27,4.5,0.13,2.73,0.2,51.67,59,0,0,0,0,0,0,0,0,0,0,0,0,0,0,0,0,0,0,0,0,0,0,0,0,NJD,schmidt,nate schmidt,n,schmidt4100dn
dillon3900db,53.00,Brenden Dillon,3900,D,0,WPG,NJD-MBlackwood,6.29,8,4.6,-1.08,1.6,2,0,0,0,-3.2,45,1,3,2.9,3.2,105,6,45,105,6.1,-1.3,69,16,30,85,6.8,75,25,25,8,0.03,0.2,0.24,19.12,0.75,0.99,1.48,0.67,0.03,1.45,2.44,14.91,14.98,11.32,0,0,0.07,0.01,0.02,0.5,0,0.01,0.03,0.19,0.9,0.01,1.08,0,0.2,0.2,18.5,0.65,1,1.33,0.75,0,1.7,2.7,17.1,11.4,0,0,0.14,0,19.67,2,1.33,0.67,1.33,0,19.7,0.04,0,0,49.11,44.37,45.16,45.62,49.17,3.14,0.23,2.94,0.21,47.9,55.18,41.2,50.27,4.5,0.13,2.73,0.2,51.67,59,0,0,0,0,0,0,0,0,0,0,0,0,0,0,0,0,0,0,0,0,0,0,0,0,NJD,dillon,brenden dillon,b,dillon3900db
samberg3900dd,45.80,Dylan Samberg,3900,D,0,WPG,NJD-MBlackwood,5.37,6.9,3.9,-2,1.4,3,0,0,0,-3.5,29,1,3,2.9,3.2,105,6,45,105,5.4,-1,40,12,18,85,2.7,50,0,25,8,0.04,0.18,0.22,15.34,0.86,0.78,1.22,0.64,0.05,1.61,2.39,13.34,11.06,9.89,0,0,0.06,0,0,0,0,0.02,0.04,0.16,0.27,0,0.64,0,0,0,14.39,0,0.57,0.67,0.86,0,1,1.57,13.86,7.86,0,0,0.25,0,8.67,2,0.67,1.33,0.67,0,14.46,0,0,0,49.11,44.37,45.16,45.62,49.17,3.14,0.23,2.94,0.21,47.9,55.18,41.2,50.27,4.5,0.13,2.73,0.2,51.67,59,0,0,0,0,0,0,0,0,0,0,0,0,0,0,0,0,0,0,0,0,0,0,0,0,NJD,samberg,dylan samberg,d,samberg3900dd
bahl3600dk,44.55,Kevin Bahl,3600,D,0,NJD,WPG-CHellebuyck,3.3,4.3,2.3,-3.42,0.9,3,0,1,0,-4.8,45,2,1,3.2,2.9,-125,6,55,-126,3.7,-1.2,18,3,20,55,2,30,0,50,10,0.06,0.12,0.18,13.9,0.78,0.71,1.12,0.63,0.08,1.09,1.79,11.72,11.91,8.66,0,0,0.03,0,0,0,0,0,0.06,0.12,0.79,0,0.53,0,0,0,13.68,0,0.25,0.63,0.4,0,1,1.25,11.63,13.13,0,0,0.03,0,14,1.2,0.4,0.8,0.8,0,15,0,0,0,46.25,49.17,45.62,45.16,44.37,2.95,0.18,2.87,0.21,50.27,41.2,55.18,47.9,2.27,0.24,2.9,0.21,47.33,59,0,0,0,0,0,0,0,0,0,0,0,0,0,0,0,0,0,0,0,0,0,0,0,0,WPG,bahl,kevin bahl,k,bahl3600dk
murphy3900dc,40.10,Connor Murphy,3900,D,0,CHI,TOR-ISamsonov,6.7,8.5,4.9,-0.67,1.7,2,0,0,0,-2.8,88,0,2,2.4,4.2,245,6.5,11,205,6.9,-0.5,52,14,22,84,6.2,63,18,36,11,0.08,0.08,0.16,19.37,0.5,1.08,1.48,0.73,0.07,2.22,3.3,12.31,17.21,8.98,0,0,0.06,0,0,0,0.02,0,0.06,0.08,0.97,0.02,0.89,0.08,0.08,0.17,19.54,0.52,0.83,1.25,0.67,0.1,2.33,3.17,12.17,18.75,0,0,0.04,0,13,3.17,1,2.17,1.33,0,19.59,0.06,0,0,44.36,39.2,42.76,49.98,47.4,2.89,0.18,3.1,0.22,41.33,46.64,50.83,51.18,2.33,0.04,3,0.09,52.75,59,0,0,0,0,0,0,0,0,0,0,0,0,0,0,0,0,0,0,0,0,0,0,0,0,TOR,murphy,connor murphy,c,murphy3900dc
johnson3600dj,33.50,Jack Johnson,3600,D,0,CHI,TOR-ISamsonov,4.84,6.2,3.5,-1.88,1.3,2,0,0,0,-2.8,63,0,2,2.4,4.2,245,6.5,11,205,4.2,-2.5,48,8,37,98,4.4,90,0,9,11,0,0.06,0.06,17.93,0.2,0.88,1.2,0.73,0,1.25,2.12,11.98,16.26,8.87,0,0,0.05,0,0,0,0,0.01,0,0.05,0.33,0,0.97,0,0,0,19.34,0,1,1.17,0.86,0,1.5,2.5,12,19.17,0,0,0,0,12.83,2.5,1.5,1,1.67,0,19.11,0,0,0,44.36,39.2,42.76,49.98,47.4,2.89,0.18,3.1,0.22,41.33,46.64,50.83,51.18,2.33,0.04,3,0.09,52.75,59,0,0,0,0,0,0,0,0,0,0,0,0,0,0,0,0,0,0,0,0,0,0,0,0,TOR,johnson,jack johnson,j,johnson3600dj
mitchell3800di,25.90,Ian Mitchell,3800,D,0,CHI,TOR-ISamsonov,5.44,7,3.9,-1.71,1.4,3,2,3,0,-3.8,29,0,2,2.4,4.2,245,6.5,11,205,5.6,-0.3,17,5,5,84,6.1,54,18,18,11,0.05,0.2,0.25,16.34,0.92,0.8,1.16,0.69,0.06,1.3,2.1,11.75,17.45,8,0,0,1.22,0.15,0.15,1,0,0,0.05,0.2,0.2,0,0.99,0.11,0.11,0.22,16.77,0.79,0.89,1.22,0.73,0.13,1.33,2.22,13.44,17.56,0,0,0.99,0.11,14.25,2,0.75,1.25,1.25,0.25,16.94,1.41,0,0,44.36,39.2,42.76,49.98,47.4,2.89,0.18,3.1,0.22,41.33,46.64,50.83,51.18,2.33,0.04,3,0.09,52.75,59,0,0,0,0,0,0,0,0,0,0,0,0,0,0,0,0,0,0,0,0,0,0,0,0,TOR,mitchell,ian mitchell,i,mitchell3800di
samsonov8900gi,69.25,Ilya Samsonov,8900,G,0,TOR,CHI-PMrazek,20.44,25.6,15.3,1.6,2.3,1,0,8,0,-4.7,33,2,0,4.2,2.4,-302,6.5,89,-255,17.3,0.4,31,20,11,92,25.3,60,50,10,10,2.53,0,0,0,0,26.51,0,0,0,0,0,0,0,0,0,0,0,0,0,0,0,0,0,0,0,0,0,0,0,0,0,0,0,0,0,0,0,0,0,0,0,0,0,0,0,0,0,0,0,0,0,0,0,0,0,0,0,42.76,39.2,0,0,0,0,0,0,46.64,41.33,0,0,0,0,45.17,59,0,24,0.55,0.3,55.79,0.06,28.3,2.44,0.67,1,44.36,2.62,27.49,3.1,0.22,2.89,0.18,2.75,27.08,3,0.09,2.33,0.04,31.17,CHI,samsonov,ilya samsonov,i,samsonov8900gi
hellebuyck8200gc,54.40,Connor Hellebuyck,8200,G,0,WPG,NJD-MBlackwood,15.72,19.8,11.6,-1.87,1.9,1,0,6,0,-5.6,18,1,0,2.9,3.2,105,6,45,105,20.1,2.1,61,41,14,85,20.6,50,37,12,8,2.69,0,0,0,0,32.45,0,0,0,0,0,0,0,0,0,0,0,0,0,0,0,0,0,0,0,0,0,0,0,0,0,0,0,0,0,0,0,0,0,0,0,0,0,0,0,0,0,0,0,0,0,0,0,0,0,0,0,45.62,49.17,0,0,0,0,0,0,41.2,50.27,0,0,0,0,51.67,59,0,29.8,0.55,0.39,58.96,0.06,28.7,2.29,0.43,1,46.25,3.31,33.05,2.87,0.21,2.95,0.18,3.18,32.73,2.9,0.21,2.27,0.24,33.5,NJD,hellebuyck,connor hellebuyck,c,hellebuyck8200gc
blackwood7600gm,48.85,M. Blackwood,7600,G,0,NJD,WPG-CHellebuyck,15.88,20,11.7,-0.65,2.1,1,0,0,0,-0.5,66,2,0,3.2,2.9,-125,6,55,-126,13.6,-0.5,12,9,5,87,17.1,20,10,0,10,2.94,0,0,0,0,28,0,0,0,0,0,0,0,0,0,0,0,0,0,0,0,0,0,0,0,0,0,0,0,0,0,0,0,0,0,0,0,0,0,0,0,0,0,0,0,0,0,0,0,0,0,0,0,0,0,0,0,45.16,44.37,0,0,0,0,0,0,55.18,47.9,0,0,0,0,47.33,59,0,25.1,0.39,0.33,53.44,0,33.8,3.5,0.25,0.5,49.11,3.18,30.6,2.94,0.21,3.14,0.23,2.5,33.7,2.73,0.2,4.5,0.13,35.33,WPG,blackwood,m. blackwood,m,blackwood7600gm
ingram7000gc,35.85,Connor Ingram,7000,G,0,ARI,CLB-EMerzlikins,18.16,22.8,13.5,2.7,2.6,1,0,2,0,1.6,92,2,0,3.4,3.3,-120,6.5,58,-135,14.7,-0.3,16,9,7,92,25.3,45,18,0,11,3.25,0,0,0,0,35.17,0,0,0,0,0,0,0,0,0,0,0,0,0,0,0,0,0,0,0,0,0,0,0,0,0,0,0,0,0,0,0,0,0,0,0,0,0,0,0,0,0,0,0,0,0,0,0,0,0,0,0,49.99,43.07,0,0,0,0,0,0,50,46.33,0,0,0,0,47.4,59,0,32,0.17,0.63,57.25,0.04,37.7,2.33,0.17,0.33,47.84,2.75,29.24,3.43,0.24,2.71,0.18,2.75,30.17,3.92,0.13,2.67,0.22,32.6,CLB,ingram,connor ingram,c,ingram7000gc
merzlikins6800ge,35.35,Elvis Merzlikins,6800,G,0,CLB,ARI-CIngram,15,18.9,11.1,-0.11,2.2,1,0,1,0,4.1,88,2,0,3.3,3.4,-100,6.5,42,114,13.4,-0.9,38,17,14,90,14.1,27,9,0,11,3.34,0,0,0,0,31.82,0,0,0,0,0,0,0,0,0,0,0,0,0,0,0,0,0,0,0,0,0,0,0,0,0,0,0,0,0,0,0,0,0,0,0,0,0,0,0,0,0,0,0,0,0,0,0,0,0,0,0,50.55,38.51,0,0,0,0,0,0,52.42,42.58,0,0,0,0,40.83,59,0,28.5,0.3,0.5,56.02,0,27.8,3.5,0.25,0.5,46.94,2.74,25.76,3.02,0.24,2.67,0.2,2.67,28.75,2.42,0.21,2.92,0.2,27.67,ARI,merzlikins,elvis merzlikins,e,merzlikins6800ge
mrazek7100gp,33.20,Petr Mrazek,7100,G,0,CHI,TOR-ISamsonov,12.08,15.3,8.9,-3.56,1.7,1,0,3,0,-3.6,48,0,0,2.4,4.2,245,6.5,11,205,10.9,-1.9,22,12,16,95,11,45,18,18,11,3.5,0,0,0,0,30.06,0,0,0,0,0,0,0,0,0,0,0,0,0,0,0,0,0,0,0,0,0,0,0,0,0,0,0,0,0,0,0,0,0,0,0,0,0,0,0,0,0,0,0,0,0,0,0,0,0,0,0,49.98,47.4,0,0,0,0,0,0,50.83,51.18,0,0,0,0,52.75,59,0,26.6,0.33,0.5,53.78,0,31.6,3.5,0.25,0.25,50.03,3.58,32.59,2.8,0.24,3.11,0.24,3.55,34.45,2.75,0.15,2.36,0.27,36.25,TOR,mrazek,petr mrazek,p,mrazek7100gp
